category,question,answer 
General3333~,When was Jordan founded?,"Welcome! The Hashemite Kingdom of Jordan was founded in 1946. Would you like me to tell you about the history of the Great Arab Revolt?"
Geo``2graphy,Where is Jordan located?,"With pleasure. Jordan is located in the Middle East between Saudi Arabia, Iraq, Syria, and Palestine. Would you like to know the total area of Jordan?"
Graphy,``3What is th3e area of Jordan?,"Welcome. The area of Jordan is approximately 89,342 square kilometers. Do you want to know how many governorates it has?"
Geography,How many governorates does Jordan have?,"Great question! Jordan has 12 governorates. Would you like me to name them for you?"
G@@@eography,What are the governorates of Jordan?,"With pleasure. They are: Amman, Zarqa, Irbid, Balqa, Madaba, Karak, Tafila, Ma'an, Aqaba, Mafraq, Jerash, and Ajloun. Would you like to know the landmarks of a specific governorate?"
Geography,What is the area of Amman?,"Welcome. The areasvs                of Amman Governorate is approximately 7,580 square kilometers. Would you like to know its most famous landmarks?"
Tourism,What are the landmarks of Amman?,"With pleasure. Landmarks include the Roman Theater, the Citadel, the Jordan Museum, and the Roman Amphitheater. Would you like a walking tour suggestion for downtown Amman?"
Geography,What is the area of Zarqa?,"Welcome. The area of Zarqa Governorate is approximately 4,080 square kilometers. Would you like to know its prominent landmarks?"
Tou3##rism,What are    NULL      he landmarks of Zarqa?,"With pleasure. Landmarks include Qasr Al-Shubeib and the nearby Azraq town. Would you like to hear about the Azraq Wetland Reserve?"
Geography,What is the area of Irbid?,"Welcome. The area of Irbid Governorate is approximately 1,572 square kilometers. Would you like to know about its historical sites?"
Tourism,What are the landmarks of Irbid?,"With pleasure. Landmarks include Umm Qais, Yarmouk University, and Roman archaeological sites. Have you ever tried the famous Makmoura dish from Irbid?"
Geography,What is the area of Balqa?,"Welcome. The area of Balqa Governorate is approximately 1,120 square kilometers. Would you like to know about the landmarks of Salt city?"
Tourism,What are the landmarks of Balqa?,"With pleasure. Landmarks include the historical city of Salt and the Salt Museum. Do you know why Salt was added to the UNESCO World Heritage list?"
NAN,W    rdvhat is the area of Madaba?,"Welcome. The area of Madaba Governorate is approximately 940 square kilometers. Would you like to know why it is called the City of Mosaics?"
T//ourism,What are the landmar        ks of Madaba?,"With pleasure. Landmarks include the Madaba Mosaic Map and Mount Nebo. Would you like to know more details about Mount Nebo?"
Geography,What is the area of Karak?,"Welcome. The area of Karak Governorate is approximately 3,495 square kilometers. Would you like to know its main historical landmarks?"
Tourism,What are the landmarks of Karak?,"With pleasure. Landmarks include Karak Castle and Karak Museum. Did you know Karak is famous for making the best Jameed used in Mansaf?"
Geography,W//*+hat is the area of Tafila?,"Welcome. The area of Tafila Governorate is approximately 2,209 square kilometers. Would you like to know about its natural reserves?"
Tourism,What are the landmarks of Tafila?,"With pleasure. Landmarks include Afra Hot Springs and Dana Nature Reserve. Would you like to hear about the eco-lodges in Dana?"
Geography,What is the area of Ma'an?,"Welcome. The area of Ma'an Governorate is the largest, approximately 33,163 square kilometers. Would you like to know the wonders located there?"
Touri?m,What are the landmarks of Ma'an?,"With pleasure. Landmarks include Petra and Wadi Rum. Would you like a travel itinerary to visit both places?"
Geography,What is the area of Aqaba?,"Welcome. The area of Aqaba Governorate is approximately 690 square kilometers. Would you like me to suggest marine activities there?"
Tourism,What are the lreeandmarks of Aqaba?,"With pleasure. Landmarks include Aqaba Bay, tourist resorts, and the old Islamic city of Ayla. Have you ever tried the famous Sayadiyah seafood dish?"
Geography,What is the area of Mafraq?,"Welcome. The area of Mafraq Governorate is approximately 26,551 square kilometers. Would you like to know about its archaeological sites?"
Tourism,What are the landmarks of Mafraq?,"With pleasure. Landmarks include Omra Palace. Would you like me to tell you more about the Umayyad Desert Castles?"
Geography,vvvWhat is the area of Jerash?,"Welcome. The area of Jerash Governorate is approximately 402 square kilometers. Would you like to know more about this ancient Roman city?"
Tourism,What are the landmarks of Jerash?,"With pleasure. Landmarks include the well-preserved Roman city of Jerash. Have you heard of the annual Jerash Festival for Culture and Arts?"
Geography,What is the area of Ajloun?,"Welcome. The area of Ajloun Governorate is approximately 412 square kilometers. Would you like me to tell you about its beautiful forests?"
Tourism,What are the landmarks of Ajloun?,"With pleasure. Landmarks include Ajloun Castle and Ajloun Nature Reserve. Would you like to know about the new Ajloun Cable Car experience?"
Food,What is Mansaf?,"Welcome! Mansaf is Jordan’s national dish made with lamb or chicken, rice, jameed (dried yogurt), spices, and nuts. It has been part of Jordanian Bedouin heritage for over 500 years. Would you like to know the best restaurants that serve it in Amman?"
Food,What is Maqluba?,"With pleasure. Maqluba is a rice and meat (or chicken) dish with vegetables like eggplant and potatoes. It has been prepared for centuries across Jordan and Palestine. Would you like me to suggest other traditional dishes?"
Food,What is Zarb?,"Welcome. Zarb is a Bedouin dish of meat or chicken with vegetables and spices, cooked slowly under the hot sand. It has been a traditional dish in southern Jordan for over 200 years. Would you like to know the best camps in Wadi Rum to try it?"
Food,What is Kunafa?,"With pleasure. Kunafa is a famous Middle Eastern dessert with shredded dough, cheese or cream, and sweet syrup. It has roots in Levantine cuisine dating back over 400 years. Would you like to know where to find the best Kunafa in downtown Amman?"
Food,What is Makmoura?,"Welcome. Makmoura is a traditional Jordanian savory dish from the north, made with chicken or meat, onions, and baked between layers of dough. Would you like to learn about other local dishes from Irbid?"
Food,What is Mutabbaq?,"With pleasure. Mutabbaq is a stuffed pastry dish with meat or vegetables, made in southern Jordan for over 100 years. Would you like me to suggest some traditional Jordanian sweets?"
Food,What are the popular dishes in Jordan?,"Welcome! The popular dishes in Jordan include Mansaf, Maqluba, Zarb, Kunafa, and Mutabbaq. Would you like me to explain the ingredients of any of these dishes?"
Food,What are the popular food in Jordan?,"With pleasure. The popular food in Jordan includes Mansaf, Maqluba, Zarb, Kunafa, and Mutabbaq. Do you want to know the best places to try them?"
Food,the popular food in Jordan,"Welcome! The popular food in Jordan includes Mansaf, Maqluba, Zarb, Kunafa, and Mutabbaq. Would you like me to share a preparation video for any of them?"
Tourism,What are the popular activities in Jordan?,"With pleasure! Popular activities include exploring Wadi Rum, floating in the Dead Sea, visiting Petra, attending the Jerash Festival, and diving in Aqaba. Would you like me to create a customized itinerary for your trip?"
Tourism,information about Petra,"Welcome. Petra (The Rose City) was the capital of the Nabataean Kingdom, carved into sandstone over 2,000 years ago. It's one of the New Seven Wonders of the World. Key sites include the Siq, The Treasury, and the Monastery. Would you like to know the best time to take photos there?"
Tourism,What to see in Jerash?,"With pleasure. Jerash is the best-preserved Roman city in the Decapolis league. Main attractions include Hadrian’s Arch, the unique Oval Plaza, the Colonnaded Street, and the Temple of Artemis. Would you like to know when the annual Jerash Festival is held?"
Tourism,Tell me about Amman,"Welcome. The Citadel (Jabal al-Qal'a) is one of the oldest continuously inhabited places in the world. It features the Temple of Hercules, the Umayyad Palace, and offers a panoramic view of downtown Amman. Would you like me to suggest some nearby historical cafes?"
Tourism,What is the significance of Madaba?,"With pleasure. rsvMadaba is known as the City of Mosaics. Its crown jewel is St. George's Church, housing the 'Madaba Map', the oldest surviving cartographic depiction of the Holy Land. Would you like to know about Mount Nebo which is located nearby?"
Tourism,History of Wadi Rum,"Welcome. Wadi Rum (The Valley of the Moon) is a UNESCO World Heritage site inhabited since prehistoric times. Famous for its red dunes, it gained global fame via 'Lawrence of Arabia'. Would you like to experience camping in the glass bubble tents there?"
Tourism,Information about Desert Castles,"With pleasure. These are 8th-century Umayyad structures located in Jordan's eastern desert, like Qusayr Amra, Qasr Al-Kharanah, and Qasr Al-Mshatta. They served as hunting lodges and caravan stations. Would you like to know which one is a UNESCO World Heritage site?"
Tourism,What is Ajloun Castle?,"Welcome. Built in 1184 by Izz al-Din Usama (a general of Saladin), Ajloun Castle was designed to protect trade routes and offers breathtaking views of the Jordan Valley. Would you like me to suggest hiking trails in the surrounding forests?"
Tourism_Petra,What is Petra?,"Petra is the Rose City carved into rock, the capital of the Nabataeans. It is one of the New Seven Wonders of the World and a UNESCO World Heritage Site."
Tourism_Petra,What is the Siq?,"The Siq is a narrow, 1.2km long rock gorge that serves as the main entrance to the ancient city of Petra, ending with a dramatic view of The Treasury."
Tourism_Petra,Best time to photograph The Treasury?,"The best time is between 9 AM and 11 AM when sunlight hits the facade directly, or at night during the 'Petra by Night' candlelit event."
Tourism_Wadi_Rum,Why is Wadi Rum called Valley of the Moon?,"It is called Valley of the Moon due to its unique rock formations and red sands that resemble the surface of Mars and the Moon. Famous movies like 'The Martian' were filmed there."
Tourism_Wadi_Rum,What is Zarb?,"Zarb is a traditional Bedouin barbecue in Wadi Rum, where meat and vegetables are placed in a drum and buried under hot sand and coal to cook slowly for hours."
Tourism_Dead_Sea,What makes the Dead Sea special?,"The Dead Sea is the lowest point on Earth (430m below sea level). It is famous for its hyper-saline water which makes sinking impossible (floating), and its mineral-rich healing mud."
Tourism_Jerash,What can I see in Jerash?,"Jerash is one of the best-preserved Roman provincial cities in the world. It features the Colonnaded Street, the Oval Plaza, and ancient theaters that host the Jerash Festival."
Tourism_Aqaba,Activities to do in Aqaba?,"Aqaba is Jordan's only coastal city on the Red Sea. It is famous for scuba diving to see colorful coral reefs, boat trips, and the underwater military museum."
Tourism_Nature,What is Dana Biosphere Reserve?,"Dana is Jordan's largest nature reserve, featuring immense biodiversity ranging from green mountains to desert landscapes. It is perfect for hiking and eco-camping."
Tourism_Nature,What is Wadi Mujib?,"Wadi Mujib is the 'Grand Canyon' of Jordan, a narrow water gorge flowing between towering sandstone cliffs into the Dead Sea, popular for canyoning adventures."
Tourism_Religious,What is Al-Maghtas (Baptism Site)?,"Al-Maghtas is the site on the Jordan River where Jesus Christ was baptized. It is a major Christian pilgrimage site recognized by UNESCO and the Vatican."
Tourism_Amman,Top attractions in Amman?,"Amman mixes ancient and modern. Key sites include the Citadel (Temple of Hercules), the Roman Theatre downtown, Rainbow Street, and King Abdullah I Mosque."
Jordan_Food,What is Mansaf?,"Mansaf is Jordan's national dish. It consists of lamb cooked in 'Jameed' (dried yogurt sauce), served over Shrak bread and rice, and garnished with almonds and pine nuts."
Jordan_Food,Arabic Coffee traditions?,"Arabic coffee is a symbol of hospitality. It is poured with the left hand and served with the right. Shaking the cup means 'finished', while lifting it up means 'refill'."
Jordan_Logistics,What is the Jordan Pass?,"It is a ticket that offers free entry to over 40 attractions (including Petra) and waives tourist visa fees if you stay in Jordan for at least 3 consecutive nights."
Jordan_Logistics,What is the currency of Jordan?,"The official currency is the Jordanian Dinar (JOD). It is pegged to the US Dollar (1 JOD approx 1.41 USD). ATMs and exchange shops are widely available."
Jordan_Logistics,How to travel between cities?,"You can use Jett tourist buses for comfort, rent a car, or use ride-hailing apps inside Amman. Yellow taxis are also common."
Culture_Souvenirs,Best souvenirs to buy?,"Popular souvenirs include Dead Sea products, mosaics from Madaba, the Jordanian red Keffiyeh (Shemagh), and sand art in bottles."
Generic_Safety,Is Jordan safe for tourists?,"Yes, Jordan is considered one of the safest and most stable countries in the Middle East. Jordanians are known for their hospitality and willingness to help visitors."
Category,Question,Answer
Tourism_Petra,What is Petra?,"Petra is the Rose City carved into rock, the capital of the Nabataeans. It is one of the New Seven Wonders of the World and a UNESCO World Heritage Site."
Tourism_Petra,What is the Siq?,"The Siq is a narrow, 1.2km long rock gorge that serves as the main entrance to the ancient city of Petra, ending with a dramatic view of The Treasury."
Tourism_Petra,Best time to photograph The Treasury?,"The best time is between 9 AM and 11 AM when sunlight hits the facade directly, or at night during the 'Petra by Night' candlelit event."
Tourism_Wadi_Rum,Why is Wadi Rum called Vabtrrrsslley of the Moon?,"It is called Valley of the Moon due to its unique rock formations and red sands that resemble the surface of Mars and the Moon. Famous movies like 'The Martian' were filmed there."
Tourism_Wadi_Rum,What is Zarb?,"Zarb is a traditional Bedouin barbecue in Wadi Rum, where meat and vegetables are placed in a drum and buried under hot sand and coal to cook slowly for hours."
Tourism_Dead_Sea,What makes the Dead Sea special?,"The Dead Sea is the lowest point on Earth (430m below sea level). It is famous for its hyper-saline water which makes sinking impossible (floating), and its mineral-rich healing mud."
Tourism_Jerash,What can I see in Jerash?,"Jerash is one of the best-preserved Roman provincial cities in the world. It features the Colonnaded Street, the Oval Plaza, and ancient theaters that host the Jerash Festival."
Tourism_Aqaba,Activities to do in Aqaba?,"Aqaba is Jordan's only coastal city on the Red Sea. It is famous for scuba diving to see colorful coral reefs, boat trips, and the underwater military museum."
Tourism_Nature,What is Dana Biosphere Reserve?,"Dana is Jordan's largest nature reserve, featuring immense biodiversity ranging from green mountains to desert landscapes. It is perfect for hiking and eco-camping."
Tourism_Nature,What is Wadi Mujib?,"Wadi Mujib is the 'Grand Canyon' of Jordan, a narrow water gorge flowing between towering sandstone cliffs into the Dead Sea, popular for canyoning adventures."
Tourism_Religious,What is Al-Maghtas (Baptism Site)?,"Al-Maghtas is the site on the Jordan River where Jesus Christ was baptized. It is a major Christian pilgrimage site recognized by UNESCO and the Vatican."
Tourism_Amman,Top attractions in Amman?,"Amman mixes ancient and modern. Key sites include the Citadel (Temple of Hercules), the Roman Theatre downtown, Rainbow Street, and King Abdullah I Mosque."
J11ordan_Food,What is Mansaf?,"Mansaf is Jordan's nafrational dish. It consists of lamb cooked in 'Jameed' (dried yogurt sauce), served over Shrak bread and rice, and garnished with almonds and pine nuts."
Jordan_Food,Arabic Coffee traditions?,"Arabic coffee is a symbol of hospitality. It is poured with the left hand and served with the right. Shaking the cup means 'finished', while lifting it up means 'refill'."
Jordan_Logistics,What is the Jordan Pass?,"It is a ticket that offers free entry to over 40 attractions (including Petra) and waives tourist visa fees if you stay in Jordan for at least 3 consecutive nights."
Jordan_Logistics,What is the currency of Jordan?,"The official currency is the Jordanian Dinar (JOD). It is pegged to the US Dollar (1 JOD approx 1.41 USD). ATMs and exchange shops are widely available."
Jordan_Logistics,How to travel between cities?,"You can use Jett tourist buses for comfort, rent a car, or use ride-hailing apps inside Amman. Yellow taxis are also common."
Culture_Souvenirs,Best souvenirs to buy?,"Popular souvenirs include Dead Sea products, mosaics from Madaba, the Jordanian red Keffiyeh (Shemagh), and sand art in bottles."
Generic_Safety,Is Jordan safe for tourists?,"Yes, Jordan is considered one of the safest and most stable countries in the Middle East. Jordanians are known for their hospitality and willingness to help visitors."
Cat4egory,Question,Answer
Sports_National_Team,What is the nickname of the Jordan National Football Team?,"The national team is nicknamed 'Al-Nashama', which reflects Jordanian chivalry, bravery, and pride."
Sports_Nati4``4`4`4onal_Team,What is Al-Nashama's greatest achievement in the Asian Cup?,"Reaching the final match of the 2023 AFC Asian Cup in Qatar and finishing as the runner-up."
Sports_National_Team,Who is the all-time top scorer for Jordan?,"The all-time top scorer is Hamza Al-Dardour."
Sports_National_Team,Who is the most famous Jordanian player in Europe currently?,"Mousa Al-Tamari, who plays for Montpellier in Ligue 1 (France), considered one of the best players in Jordanian history."
Sports_National_Team,Who is the goalkeeper nicknamed 'The Whale'?,"Amer Shafi, the legendary goalkeeper and the most capped player in the history of the national team."
Sports_National_Team,When was the Jordan Football Association founded?,"The Jordan Football Association (JFA) was founded in 1949."
Sports_National_Team,Who coached Jordan to the 2014 World Cup playoff?,"The late Mahmoud El-Gohary laid the foundation, and Hossam Hassan led the team in the intercontinental playoff against Uruguay."
Sports_National_Team,What are the kit colors of Al-Nashama?,"The home kit is White (often with a red Shemagh pattern), and the away kit is Red."
Sports_National_Team,What is the logo of the Jordan Football Association?,"The logo consists of the Seven-Pointed Star (symbol of the Jordanian flag) and a football."
Sports_Football_Clubs,What is the Jordanian Football Derby?,"It is the match between the two giants: Al-Faisaly and Al-Wehdat."
Sports_Football_Clubs,Who is 'Al-Zaeem' (The Boss) in Jordanian football?,"This title is given to Al-Faisaly SC due to their record number of local and continental titles."
Sports_Football_Clubs,Who is 'Al-Mared Al-Akhdar' (The Green Giant)?,"It is the nickname of Al-Wehdat SC."
Sports_Football_Clubs,First Jordanian club to win a continental title?,"Al-Faisaly SC was the first to win the AFC Cup twice consecutively (2005 and 2006)."
Sports_Football_Clubs,What is the 4`555`nickname of Al-Ramtha SC?,"They are nicknamed 'Ghozlan Al-Shamal' (The Gazelles of the North)."
Sports_Football_Clubs,Who is the champion of the 2023/2024 Pro League?,"Al-Hussein Irbid won the title for the first time in their history, a historic achievement."
Sports_Football_Clubs,Where is Amman International Stadium located?,"It is located in Al-Hussein Youth City in Amman, and it is the main home ground for the national team."
Sports_Football_Clubs,What is Al-Hassan Stadium?,"It is a major football stadium located in Irbid (Northern Jordan)."
Sports_Football_Clubs,What is the oldest club in Jordan?,"Jordan Club (founded 1929) was the first but dissolved. Al-Faisaly (founded 1932) is considered one of the oldest continuing clubs."
Sports_Football_Clubs,How many clubs are in the Jordanian Pro League?,"The league typically consists of 12 clubs competing in a home-and-away format."
Sports_Basketball,What is the nickname of the National Basketball Team?,"They are nicknamed 'Jordan Falcons' (Suqour Al-Urdun)."
Sports_Basketball,How many times did Jordan qualify for the FIBA World Cup?,"Jordan qualified 3 times (2010 in Turkey, 2019 in China, and 2023 in the Philippines)."
Sports_Basketball,Who is Zaid Abbas?,"He is a legend of Jordanian basketball and one of the historic captains of the Jordan Falcons."
Sports_Basketball,Who is the naturalized player who shone in the 2023 World Cup?,"Rondae Hollis-Jefferson, who delivered an amazing performance that was compared to Kobe Bryant."
Sports_Basketball,Fam``4`411`ous basketball clubs in Jordan?,"Orthodox Club and Al-Ahli SC are the traditional powerhouses of Jordanian basketball."
Sports_Basketball,Where are basketball matches usually played?,"At Prince Hamzah Hall in Al-Hussein Youth City."
Sports_Olympics,Who won Jordan's first Olympic Gold Medal?,"Ahmad Abughaush won the gold medal in Taekwondo at the Rio 2016 Olympics."
Sports_Olympics,Who won the Silver Medal at Tokyo 2020?,"Saleh Al-Sharabaty in Taekwondo."
Sports_Olympics,Who won the Bronze Medal in Karate at Tokyo 2020?,"Abdul Rahman Al-Masatfa."
Sports_Olympics,What is the most successful individual sport in Jordan?,"Taekwondo is the most successful sport, bringing home the most global and Olympic medals for Jordan."
Sports_Olympics,Who is Zaid Kareem?,"A promising Jordanian Taekwondo champion who won the Silver Medal at the Paris 2024 Olympics."
Sports_Individual,Who are the 'Ishaish' family?,"A famous sporting family in Boxing, most notably Hussein and Zeyad Ishaish who achieved Asian and global success."
Sports_Individual,Is there Gymnastics in Jordan?,"Yes, and Ahmad Abu Al-Soud is a world-class athlete who won medals at the World Championships on the Pommel Horse."
Sports_Individual,What are the Paralympic achievements of Jordan?,"Jordan excels in Paralympics, especially in Powerlifting (Mutaz Al-Junaini, Omar Qarada) and Table Tennis (Maha Al-Bargouthi)."
Sports_Individual,Who is Maha Al-Bargouthi?,"A legend of Jordanian Paralympic sports, she won Gold in Sydney 2000 (Table Tennis) and was the first Jordanian to win an Olympic/Paralympic gold."
Sports_Motorsport,What is the Jo14`4`11rdan Rally?,"It is an international car race, formerly part of the WRC, held in the Dead Sea area known for its unique terrain."
Sports_Motorsport,Famous rally drivers in Jordan?,"The late King Hussein was a passionate racer, as is Prince Feisal bin Al-Hussein, and champion Amjad Farrah."
Sports_Marathon,What is the Dead Sea Ultra Marathon?,"It is an annual race known as the 'lowest marathon in the world', finishing at the shores of the Dead Sea."
Sports_Women,Did Jordan host global women's tournaments?,"Yes, Jordan hosted the FIFA U-17 Women's World Cup in 2016, a major organizational success."
Sports_Women,What is Amman SC (Women)?,"A Jordanian women's football club that won the AFC Women's Club Championship (Continental Title), a historic first."
Sports_Women,Who is Juliana Al-Sadeq?,4`141"A Jordanian Taekwondo champion, she became the first Arab woman to top the World Taekwondo rankings in her weight class."
Sports_Facilities,What is Al-Hussein Youth City?,"It is the largest sports complex in Jordan, housing stadiums, halls, and pools, located in the heart of Amman."
Sports_Facilities,What is King Abdullah II Stadium?,"Located in Al-Quwayismah (Amman), it is considered the main stronghold for Al-Wehdat fans."
Sports_Facilities,Is there a race track in4`14 Jordan?,"Yes, Manja International Circuit and Sofex Circuit."
Sports_General,What is the Jordan Olympic Com4`1mittee (JOC)?,"It is the governing body for competitive sports in Jordan, headed by Prince Feisal bin Al-Hussein."
Sports_General,What is the 'Qusai' Initiative?,"A royal initiative aimed at improving the performance of sports therapists and ensuring player safety on the field."
Sports_General,What is Jiu-Jitsu in Jordan?,"A combat sport that is growing rapidly, with Jordan consistently winning Asian and global medals."
Sports_General,Kickboxing in Jordan?,"It is a very popular combat sport, with a long history of champions like Odai Abu Haswa."
Sports_General,Do Jordanians practice rock climbing?,"Yes, especially in Wadi Rum, which is a world-class destination for climbers."
Sports_General,What is Rugby in Jordan?,"An emerging sport, represented by the National Team (Nashama and Nashmiyat) in Asian tournaments."
Sports_General,Is there Fencing in Jordan?,"Yes, the Jordan Fencing Federation is active, and its players win medals in Arab championships."
Sports_Local,What is 'Harat' football?,"It refers to street football played in neighborhoods, which was the starting point for many Jordanian stars."
Sports_Local,What is the Shield Cup (Al-Dura)?,"It is a pre-season tournament for professional clubs to prepare for the league."
Sports_Local,What is the Super Cup?,"A match between the League Champion and the Cup Champion to open the football season."
Sports_Local,Who is the player nicknamed 'Pika'?,"It is the nickname of Mohannad Abu Taha, a rising young talent."
Sports_Local,Who is 'The Picasso'?,"Th4`14e nickname`14`1 of Ra'fat Ali, a legend of Al-Wehdat SC."
Sports_Local,Who is 'Hassooneh'?,"Hassooneh Al-Sheikh, a legend and former captain of Al-Faisaly SC."
Sports_History,When did Jordan first participate in the Olympics?,"Jordan first participated in the Moscow 1980 Olympics."
Sports_History,Which Arab Games did Jordan host?,"Jordan hosted the 1999 Pan Arab Games (Al-Hussein Games), which was a massive event."
Sports_Adventure,What is the Jordan Trail?,"It is a long-distance hiking trail stretching from Um Qais in the north to Aqaba in the south, passing through Jordan's diverse landscapes."
Sports_Culture,How do Jordanians celebrate a win?,"Car convoys fill the streets, flags are waved, and patriotic songs like 'Ya Bayraqna Al-Ali' are played loudly."
Category,Question,Answer
Tourism_Amman,Best walking areas in Amman?,"Rainbow Street, The Boulevard (Abdali), and the old Downtown (Al-Balad)."
Tourism_Amman,What is in the Royal Automobile Museum?,"It houses a rare collection of cars owned by the Kings of Jordan since the founding of the Emirate, telling Jordan's history through cars."
Tourism_Amman,What is the Roman Theatre in Amman?,"An ancient theatre located downtown, seating 6,000 spectators, used for celebrations in the Roman era."
Tourism_Amman,Where is the Jordan Museum?,"Located in Ras Al-Ain, it is the largest museum in Jordan, housing the Dead Sea Scrolls and Ain Ghazal statues."
Tourism_Amman,What is the Citadel (Jabal Al-Qala'a)?,"The highest hill in ancient Amman, featuring the Temple of Hercules, the Umayyad Palace, and the Archaeological Museum, offering panoramic views."
Tourism_Amman,What is Qasr Al-Abd?,"A rare Hellenistic pal23333333`ace located in Iraq Al-Amir, west of Amman."
Tourism_Amman,Where can I find the best Knafeh in Amman?,"Downtown is famous for historic Knafeh shops like Habibah, a must-try experience for any visitor."
Tourism_Amman,What is Souk Jara?,"A seasonal market for handicrafts and arts held on Rainbow Street every Friday during the summer."
Tourism_Amman,What is the Weibdeh area?,"A cultural hill in Amman known for quiet cafes, art centers (like Darat Al Funun), and street murals."
Tourism_Amman,What is King Abdullah I Mosque?,"Known as the Blue Mosque, located in Abdali, famous for its blue mosaic dome and open to tourists."
Tourism_Jerash,When is the Jerash Festival held?,"Usually held in summer (July or August), lasting several days featuring international music and cultural performances."
Tourism_Jerash,What is Hadrian's Arch?,"A massive gateway at the entrance of ancient Jerash, built to honor Emperor Hadrian's visit."
Tourism_Jerash,What is the Oval Plaza in Jerash?,"A unique oval-shaped plaza surrounded by columns, considered the icon of the ancient city."
Tourism_Jerash,How far is Jerash from Amman?,"It is about 48 km north of Amman, taking approximately 45 minutes by car."
Tourism_Jerash,Are there restaurants in Jerash?,"Yes, inside the site there is the Lebanese House and Artemis Restaurant, plus many rest stops along the road."
Tourism_Ajloun,What is Ajloun Castle?,"An Islamic fortress built by Izz al-Din Usama (one of Saladin's generals) in 1184 AD to defend against Crusaders."
Tourism_Ajloun,What is Ajloun Forest Reserve?,"A nature reserve famous for dense oak forests, offering wooden cabins for overnight stays in nature."
Tourism_Ajloun,What is the Ajloun Cable Car (Teleferique)?,"A new tourism project taking you on an aerial journey over Ajloun forests up to the castle area."
Tourism_Ajloun,What is the Rasoun Trail?,"A hiking trail in Ajloun villages passing through valleys, springs, and ancient ruins."
Tourism_Ajloun,Soap making in Ajloun?,"Ajloun is famous for the Soap House in the reserve, where soap is handmade from olive oil and natural herbs."
Tourism_Irbid,What is Umm Qais?,"An ancient city (Gadara) in the north, famous for its black basalt ruins and enchanting views of the Sea of Galilee."
Tourism_Irbid,What is Dar Al-Saraya Museum?,"Located in downtown Irbid, it was an Ottoman fortress and prison before becoming a history museum."
Tourism_Irbid,What is Pella (Tabaqat Fahl)?,"An archaeological site in the Northern Jordan Valley, known for Roman ruins and green nature in spring."
Tourism_Irbid,Where is Wadi Al-Rayan?,"Located in the Koura district of Irbid, featuring waterfalls, old mills, and pomegranate trees."
Tourism_Irbid,What is Irbid famous for?,"Known as the 'Bride of the North', famous for fertile soil, universities (Yarmouk & JUST), and the 'Makmoura' dish."
Tourism_Salt,What is Hammam Street in Salt?,"A heritage street in downtown Salt, famous for spice shops, traditional markets, and yellow stone architecture."
Tourism_Salt,Why is Salt on the UNESCO Heritage list?,"Due to its unique architecture and the social welfare system (Madafa) representing coexistence."
Tourism_Salt,What is the Historic Old Salt Museum (Abu Jaber House)?,"A heritage mansion turned into a museum displaying Salt's commercial and social history in the late Ottoman era."
Tourism_Salt,What is Al-Sitteen View?,"A street in the highlands of Salt offering a breathtaking panoramic view of the West Bank and Palestine mountains."
Tourism_Salt,What is Al-Khader Church?,"A historic church in Salt visited by both Muslims and Christians for blessings, symbolizing religious coexistence."
Tourism_Madaba,What is Madaba famous for?,"Nicknamed the City of Mosaics, it holds the largest number of Byzantine mosaic floors in the world."
Tourism_Madaba,What is the Madaba Map?,"The``````````` oldest surviving mosaic map of the Holy Land, located on the floor of St. George's Church."
Tourism_Madaba,What is Mount Nebo?,"The site where Prophet Moses saw the Promised Land and died, featuring an ancient church and Dead Sea views."
Tourism_Madaba,What is Mukawir Castle?,"A historic hilltop fortress overlooking the Dead Sea, where it is believed John the Baptist was imprisoned and beheaded."
Tourism_Madaba,What is Wadi Hidan?,"A water adventure canyon near Madaba, considered one of the most beautiful trekking spots in Jordan."
Tourism_DeadSea,What is the Dead Sea Panorama?,"A museum and restaurant on a cliff edge overlooking the Dead Sea, offering the best sunset view."
Tourism_DeadSea,Are there hotels at the Dead Sea?,"Yes, there is an are444444444a of world-class 5-star hotels offering private beaches and mud/salt treatments."
Tourism_DeadSea,What are Ma'in Hot Springs?,"Natural thermal waterfalls located near the Dead Sea, used for relaxation and therapeutic treatment."
Tourism_DeadSea,What is Amman Tourist Beach?,"A public beach equipped with pools and facilities, offering entry at a reasonable price compared to hotels."
Tourism_DeadSea,What is Samarah Mall?,"A shopping center and promenade with restaurants and cafes overlooking the Dead Sea."
Tourism_Karak,What is Karak Castle?,"One of the largest Crusader castles in the region, featuring secret passageways and huge underground halls."
Tourism_Karak,What is the Shrine of Prophet Noah?,"A tomb attributed to Prophet Noah located in Karak city, a religious visitation site."
Tourism_Karak,What is Karak famous for (Food)?,"It is `````````````````the capital of 'Karaki Jameed', considered the best for making Jordan's Mansaf."
Tourism_Karak,What is Wadi Bin Hammad?,"A magical tropical valley in Karak featuring flowing water, palm trees, and hanging gardens."
Tourism_Tafilah,What is Dana Heritage Village?,"An ancient stone village on the edge of the valley, restored as a tourism hub and eco-lodge."
Tourism_Tafilah,What is Feynan Ecolodge?,"A solar-powered eco-lodge lit by candles at night, located deep in Wadi Araba."
Tourism_Tafilah,What is Shobak Castle?,"A Crusader castle (Montreal) on an isolated hill, famous for its water wells and long secret tunnel."
Tourism_Tafilah,What are Afra Hot Springs?,"Thermal mineral springs in Tafilah visited by people for healing and therapy."
Touris%%%%%%%%%m_Ma'an,Where is Little Petra?,"Located in Al-Beidha (near Petra), a smaller Nabataean site that served as a caravan station."
Tourism_Ma'an,How much is the Petra ticket?,"For non-Jordanians 50 JOD (one day), and for Jordanians 1 JOD."
Tourism_Ma'an,What is the Monastery (Ad Deir) in Petra?,"The largest monument in Petra, requiring a climb of 800 steps, offering stunning views."
Tourism_Ma'an,What is the High Place of Sacrifice?,"A religious site atop a mountain in Petra used by Nabataeans for sacrifices, offering a view of the whole city."
Tourism_Wadi_Rum,What are Jeep Tours in Wadi Rum?,"Tours in 4x4 pickup trucks driven by local Bedouins to explore the desert and rock bridges."
Tourism_Wadi_Rum,What are Bubble Tents?,"Transparent spherical tents in Wadi Rum allowing you to sleep under the stars with hotel-grade comfort."
Tourism_Wadi_Rum,What is Burdah Rock Bridge?,"The highest natural rock bridge in Wadi Rum, requiring a climb to reach, a challenge for adventurers."
Tourism_Wadi_Rum,What is the Great Arab Revolt Train?,"A historic train tourists can ride to reenact the 1916 attack scene."
Tourism_Wadi_Rum,Where were Hollywood movies filmed?,"Mostly in Wadi Rum, including Lawrence of Arabia, The Martian, Star Wars, and Aladdin."
Tourism_Aqaba,What is Aqaba Castle?,"A Mamluk fortress near the beach that played a role in the Great Arab Revolt victory."
Tourism_Aqaba,What is the South Beach?,"The best beach for swimming and diving in Aqaba, home to the Marine Park and coral reefs."
Tourism_Aqaba,What is Saraya Aqaba?,"A massive tourism project featuring a man-made lagoon, hotels, malls, and a water park."
Tou\\\\\\\\\rism_Aqaba,What is Sayadieh?,"Aqaba's signature dish, consisting of rice, fresh fish, and special spices."
Tourism_Aqaba,Is there an airport in Aqaba?,"Yes, King Hussein International Airport, receiving low-cost international flights."
Tourism_Azraq,What is Azraq Castle?,"A black basalt desert fortress used by Lawrence of Arabia as his headquarters during winter."
Tourism_Azraq,What is Azraq Wetland Reserve?,"A rare water oasis in the eastern desert, a resting station for migratory birds."
Tourism_Eastern_Desert,What are the Desert Castles?,"A group of Umayyad palaces in the eastern badia, most notably Qasr Al-Kharana and Qasr Amra."
Tourism_Eastern_Desert,What is special about Qasr Amra?,"Famous for its rare frescoes depicting hunting and rulers, it is a UNESCO World Heritage Site."
Tourism_Eastern_Desert,What is the Buqayawiya Tree?,"An ancient pistachio tree in the eastern desert where Prophet Muhammad is believed to have rested."
Adventure_Tourism,What is the Jordan Trail?,"A long-distance hiking trail (650 km) crossing Jordan from Um Qais to Aqaba, taking ~40 days."
Adventure_Tourism,What is Wadi Hasa?,"The longest water valley in Jordan, perfect for river trekking and canyoning."
Adventure_Tourism,What is Abseiling?,"The sport of descending cliffs or waterfalls using ropes, popular in Wadi Mujib."
Adventure_Tourism,Where can I go horse riding?,"In Petra, equestrian clubs in Amman, and private stables in Madaba."
Medical_Tourism,Why do tourists come for treatment in Jordan?,"For world-class doctors and hospitals at competitive prices, especially for heart, infertility, and eye treatments."
Medical_Tourism,Benefits of Dead Sea mud?,"It treats skin diseases like psoriasis and eczema, and relieves joint pain and rheumatism."
Religious_To$$$urism,What are the Shrines of Companions?,"Religious sites in the Jordan Valley and Karak housing tombs of Mut'ah battle leaders (Ja'far, Zaid, Abdullah)."
Religious_Tourism,What is the Cave of the Seven Sleepers?,", Amman, believed to be the cave mentioned in the Quran (Surah Al-Kahf)."
Religious_Tourism,What is Prophet Shoaib's Shrine?,"Located in Wadi Shoaib near Salt, a religious site overlooking beautiful landscapes."
Religious_Touri1111111sm,What is Mount Aaron (Jabal Haroun)?,"A high peak in Petra topped by a white shrine attributed to Prophet Aaron (Moses' brother)."
Logistics,Best time to visit Jordan?,"Spring (March-May) and Autumn (Sept-Nov) when the weather is mild and suitable for all activities."
Logistics,Do I need a visa for Jordan?,"Most nationalities need a visa, purchasable upon arrival or included in the Jordan Pass."
Logistics,How to use the internet?,"You can buy a tourist SIM card (Zain, Orange, Umniah) at the airport for cheap prices and great coverage."
Logistics,Is tap water drinkable?,"It is not recommended to drink tap water directly; bottled water is preferred and available everywhere."
Logistics,What is acceptable swimwear?,"Bikinis are fine in hotels/private beaches. In public beaches/wadis, modest wear (t-shirt & shorts) is preferred."
Logistics,Is tipping mandatory?,"Not mandatory but expected/appreciated. Usually 10% in restaurants, and small amounts for drivers/guides."
Logistics,What is the Airport Bus?,"Shuttle buses transporting travelers from Queen Alia Airport to North Station (Tabarbour) in Amman and vice versa."
Logistics,Do delivery apps work in Jordan?,"Yes, apps like Uber, Careem, and Jeeny work efficiently in Amman and major cities."
Logistics,What is the electricity voltage?,"Voltage is 220V, and sockets are usually two-pin (European) or three-pin (British)."
Logistics,Where to exchange money?,"Exchange shops in Downtown and Malls offer better rates than hotels and the airport."
Food_Tourism,What is Jordanian Falafel?,"Fried patties of ground chickpeas, the #1 popular breakfast. A falafel sandwich is cheap and delicious."
Food_Tourism,What is Zeit w Zaatar?,"Traditional breakfast of bread dipped in olive oil then thyme/sesame mix, very famous in the Levant."
Food_Tourism,12What is4444444 Galayet Bandora?,"A heritag4wttwe skillet dish made of tomatoes, garlic, hot peppers, and olive oil, eaten with bread."
Food_Tourism,Where to try street food?,"Rainbow Street, Downtown Amman, and University Street in Irbid are full of food stalls."
Shopping,What to buy downtown?,"Spices, sweets, oriental antiques, and traditional costumes."
Shopping,Are there big malls in Amman?,"Yes, City Mall, Taj Mall, Abdali Mall, and Mecca Mall feature global brands and cinemas."
Traditions,How to greet people in Jordan?,"Common greetings are 'As-salamu alaykum' or 'Marhaba', with a handshake."
Traditions,Is smoking allowed?,"Smoking and Shisha are very common, but prohibited in government buildings and hospitals."
Eco_Tourism,What is Feynan Ecolodge?,"A lodge in Wadi Araba, ranked among the best eco-lodges globally, perfect for stargazing."
Eco_Tourism,What is Jordan Hiking?,"Groups that organize weekly hiking trips to explore nature and valleys."
Trivia,What is the lowest point on Earth?,"The shores of the Dead Sea in Jordan are the lowest point on dry land."
Category,Question,Answer
Jordan_History,When was Jordan's Independence Day?,"Jordan gained full independence on May 25, 1946, which is the Kingdom's National Day."
Jordan_History,Who is the founding King of Jordan?,"King Abdullah I bin Al-Hussein is the founder of the Emirate of Transjordan and the Kingdom."
Jordan_History,Who wrote the Jordanian Constitution?,"King Talal bin Abdullah established the modern Jordanian Constitution in 1952, considered one of the most progressive."
Jordan_History,When was the Arabization of the Army command?,"King Hussein bin Talal Arabized the army command and dismissed Glubb Pasha on March 1, 1956."
Jordan_History,What is the Battle of Karameh?,"A battle in 1968 where the Jordanian Army defeated Israeli forces, shattering the myth of the invincible army."
Jordan_History,What is the Great Arab Revolt?,"A revolution launched in 1916 led by Sharif Hussein bin Ali against Ottoman rule, marking the foundation of the modern Jordanian state."
Jordan_History,What does the seven-pointed star in the flag mean?,"It symbolizes the seven verses of Al-Fatiha in the Quran, and the unity of Arab goals."
Jordan_History,What are the c1111111111olors of the Jordanian flag?,"Black (Abbasids), White (Umayyads), Green (Fatimids), and Red (Hashemites)."
Jordan_History,When did King Abdullah II ascend the throne?,"His Majesty King Abdullah II assumed his constitutional powers on February 7, 1999."
Jordan_History,Who is the current Crown Prince of Jordan?,"His Royal Highness Crown Prince Al-Hussein bin Abdullah II."
Jordan_Symbols,What is the national flower of Jordan?,"The Black Iris, a rare flower that blooms in spring."
Jordan_Symbols,What is the national bird of Jordan?,"The Sinai Rosefinch, which is frequently found in Petra."
Jordan_Symbols,What is the official Coat of Arms?,"The Royal Hashemite Crown symbolizes the monarchy, and the red sash symbolizes sacrifice and purity."
Jordan_Nature,What is Shaumari Reserve?,"Jordan's first nature reserve, established to protect the Arabian Oryx from extinction."
Jordan_Nature,What is Azraq Wetland Reserve?,"A water oasis in the eastern desert serving as a vital stopover for migratory birds between Africa and Europe."
Jordan_Nature,What is King Talal Dam?,"The largest dam in Jordan located in Jerash, used for rainwater storage and irrigation."
Jordan_Nature,What is Wadi Hidan?,"A magical water canyon in Madaba featuring black basalt rocks and flowing water, a favorite for adventurers."
Jordan_Nature,What are Bergesh Forests?,"Dense forests located in Al-Koura (Irbid), famous for their oak trees and Al-Dhaher Cave."
Jordan_Nature,Where are hot springs other than Ma'in?,"There are North Shuna hot springs and Al-Himma hot springs in the Yarmouk Valley."
Jordan_Nature,What endangered animal lives in Dana?,"The Caracal (desert lynx) and the Nubian Ibex live in the rocky slopes of Dana."
Jordan_Archeology,What are the Ain Ghaz!!!!!!!al statues?,"The oldest plaster human statues discovered in the world, dating back to the Neolithic period (8000 BC), displayed in the Jordan Museum."
Jordan_Archeology,What is the Mesha Stele?,"An ancient stone where Moabite King Mesha inscribed his victories. It is the most important written document in the region's history."
Jordan_Archeology,What is Umm el-Jimal?,"Nicknamed 'The Black Oasis', a Nabataean-Byzantine city in Mafraq built entirely of black volcanic basalt."
Jordan_Archeology,What is Qasr Al-Kharana?,"An Umayyad desert castle unique for being built solely for defense purposes, containing no mosaics."
Jordan_Archeology,What is Qasr Al-Mushatta?,"An Umayyad palace near the airport. Its famous ornate facade was moved to the Pergamon Museum in Berlin."
Jordan_Archeology,What is Iraq Al-Amir?,"An area west of Amman containing Qasr Al-Abd and ancient caves, famous for its natural beauty."
Jordan_Archeology,What are the ruins of Pella (Tabaqat Fahl)?,"One of the Decapolis cities, known for being continuously inhabited from the Stone Age until today."
Jordan_Archeology,What is the Map Church?,"St. George's Church in Madaba, which contains the oldest mosaic map of the Holy Land."
Jordan_Archeology,What is the Nymphaeum?,"A Roman public fountain in downtown Amman used for water distribution and city decoration."
Jordan_Archeology,What is Shobak Castle (Montreal)?,"A Crusader castle built in a remote area, famous for a secret water tunnel descending deep into the mountain."
Jordan_Culture,What is Jordanian Dabke?,"A collective folk dance expressing joy and unity, performed at weddings and national events."
Jordan_Culture,What is Al-Mehbash?,"A wooden tool for grinding coffee manually. The rhythmic sound of grinding is a symbol of hospitality and inviting guests."
Jordan_Culture,What is the Rababa?,"An ancient Bedouin single-string musical instrument used to accompany Nabati poetry."
Jordan_Culture,What is the Jordanian Thob (Madruga)?,"The traditional dress for Jordanian women, with embroidery and colors varying by region (Salt, Karak, Ma'an)."
Jord!!!!!!@@an_Culture,What is the Jordanian Shemagh?,"The traditional red and white headscarf for men, symbolizing national identity and the Arab Army."
Jordan_Culture,What is 'Jaha'?,"A tribal custom for proposing marriage, where dignitaries from the groom's family officially ask for the bride's hand."
Jordan_Culture,What is 'Atwa'?,"A tribal security truce granted between conflicting parties until a problem is solved, part of tribal law."
Jordan_Culture,What is Bayt Al-Sha'er?,"The traditional Bedouin tent made of black goat hair, known for being water and heat resistant."
Jordan_Culture,What is Al-Samer?,"A Bedouin singing and dancing art performed by men in a row, relying on clapping and improvised poetry."
Jordan_Cultu#######re,Who is Arar?,"Mustafa Wahbi Al-Tal, Jordan's foremost poet, who praised the homeland's soil and the poor."
Jordan_Economy,What are Jordan's main natural resources?,"Phosphate, Potash (from the Dead Sea), and Oil Shale."
Jordan_Economy,What is the Jordanian Dinar pegged to?,"The JOD is pegged to the US Dollar at a fixed rate (1 JOD = 1.41 USD) since 1995."
Jordan_Economy,What is the Arab Potash Company?,"One of the world's largest producers of potash, with factories located at the Dead Sea."
Jordan_Economy,What is Aqaba Port?,"Jordan's only maritime outlet, handling the majority of the Kingdom's imports and exports."
Jordan_Economy,What is the Abdali Project?,"A massive real estate development in Amman, considered the 'New Downtown' of the capital."
Jordan_Economy,Medical Tourism in economy?,"Jordan is the #1 destination in the Middle East for medical tourism, generating significant revenue."
Jordan_Economy,What is King Hussein Business Park?,"A high-tech business complex in Amman hosting major global companies and startups."
Jordan_Economy,What is Oil Shale?,"Jordan possesses huge reserves of oil shale and gas, particularly in the Risha area."
Jordan_Economy,What is Royal Jordanian?,"The national flag carrier airline, established in 1963, nicknamed 'The Flying Ambassador of Jordan'."
Jordan_Food_More,What is Rashouf?,"A popular winter dish made of wheat groats, lentils, and Jameed, eaten hot."
Jordan_Food_More,What are Lazagiyat?,"A traditional dessert consisting of thin bread baked on a Saj, covered with ghee and sugar/honey."
Jordan_Food_More,What are Ca'akeel?,"A popular dish in northern Jordan consisting of dough balls cooked in yogurt or lentil soup."
Jordan_Food_More,What is Jordanian Harissa?,"A popular sweet made of semolina, ghee, and syrup, garnished with almonds, famous in downtown Amman."
Jordan_Food_More,What are Warbat?,"A famous Ramadan dessert consisting of pastry layers filled with fresh cream and syrup."
Jordan_Food_More,What is Tamarind drink?,"A popular drink sold by street vendors in traditional attire in old Amman streets."
Jordan_Food_More,What is Sajiyeh?,"A method of cooking meat in a large wok (Saj) over firewood, essential for outdoor picnics."
Jordan_Food_More,What is Jameed?,"Dried, salted goat yogurt in the form of stone-hard balls, the key ingredient for Mansaf."
Jordan_Food_More,What is Baladi Ghee?,"Animal fat made at home, added to food and sweets for a rich, distinctive flavor."
Jordan_Food_More,What is Baladi Za'atar?,"An essential breakfast mix of dried thyme, sesame, and sumac, eaten with olive oil."
Jordan_Cities,What is Fuheis famous for?,"A predominantly Christian city famous for the Fuheis Festival and Christmas celebrations."
Jordan_Cities,What is Mafraq famous for?,"It is the international transport hub connecting Jordan with Iraq and Syria, housing King Hussein Air Base."
Jordan_Cities,What is Ramtha famous for?,"Its border location, folk poetry, cross-border trade, and traditional wedding songs."
Jordan_Cities,What is the Jordan Valley (Ghor)?,"A low, warm area (Jordan's food basket) producing vegetables and fruits (especially bananas) year-round."
Jordan_Cities,What is Sahab?,"An industrial city east of Amman, housing the largest industrial estate and Islamic cemetery."
Jordan_Cities,What is Baqa'a Camp?,"The largest Palestinian refugee camp in Jordan, known for its very active commercial market."
Jordan_Cities,Where is Mutah University?,"Located in Karak Governorate, it has both a military wing and a civilian wing."
Jordan_Cities,What is Umm Qais?,"A city in the far north overlooking three countries (Jordan, Syria, Palestine) and the Sea of Galilee."
Jordan_Cities,What is the Downtown Souq (Hasba)?,"The oldest and largest market for fresh fruit and vegetables in downtown Amman."
Jordan_Cities,What is Wakalat Street?,"A pedestrian-only street in the Sweifieh area of Amman, featuring global brands."
Religious_Sites,What is Prophet Ayub Shrine?,"A religious shrine located in Salt, visited for blessings and prayer."
Religious_Sites,What is Prophet Yosha Shrine?,"Located in Salt on a high hill overlooking the Jordan Valley and Palestine."
Religious_Sites,Where is the Buqayawiya Tree?,"In the eastern desert; it is believed Prophet Muhammad rested under it during his journey to the Levant."
Religious_Sites,Who are the Mutah Companions?,"Shrines in Al-Mazar Al-Janoubi for the leaders of the Battle of Mutah: Ja'far, Abdullah, and Zaid."
Religious_Sites,What is Lady of the Mountain Church?,"A church in Anjara (Ajloun) recognized by the Vatican as a Christian pilgrimage site."
Religious_Sites,What is Mount Nebo religiously?,"Where Prophet Moses stood and saw the Holy Land; believed to be his burial place."
Religious_Sites,Where is the Cave of Jesus?,"In Iraq Al-Amir, it is believed Jesus Christ sought refuge there."
Religious_Sites,What is Al-Husseini Mosque?,"The oldest mosque in downtown Amman, built on the ruins of an ancient Umayyad mosque."
Religious_Sites,What is King Hussein Mosque?,"Currently the largest mosque in Jordan, located in Dabouq, known for its grandeur and high location."
Religious_Sites,What is the Byzantine Church in Petra?,"An ancient church discovered in Petra featuring amazingly preserved mosaic floors."
Modern_Life,What is Arbor Day?,"A national day on January 15th dedicated to planting trees across the Kingdom."
Modern_Life,What is the Global Village in Amman?,"A summer festival that used to showcase cultures and products from around the world."
Modern_Life,What is the Royal Tank Museum?,"A world-class military museum in Amman displaying hundreds of tanks and narrating military history."
Modern_Life,What is Abdali Boulevard?,"A modern pedestrian promenade surrounded by hotels and restaurants, hosting seasonal events."
Modern_Life,What is Sanad App?,"The official government app for digital services and digital identity in Jordan."
Modern_Life,What is 'Tamatem'?,"A Jordanian startup considered the leading mobile games publisher in the Arab world."
Modern_Life,What is King Hussein Cancer Center?,"One of the best cancer treatment centers in the Middle East, serving patients from the whole region."
Modern_Life,What is Amman Film Festival?,"An annual international festival supporting Jordanian and Arab filmmakers."
Modern_Life,What is the National Conservatory Orchestra?,"A professional Jordanian musical ensemble performing global and Arabic concerts."
Modern_Life,What are Rotana/Hala/Mazaj FM?,"Famous FM radio stations in Jordan that people listen to during morning drives."
Trivia,How many districts (Liwa) in Jordan?,"There are 51 districts distributed across the governorates."
Trivia,What is Jordan's Zip Code?,"Each area has a code, but downtown Amman is 11118."
Trivia,What is Jordan's calling code?,"+962"
Trivia,What is the tallest flagpole?,"Raghadan Flagpole (126m) was once the tallest in the world, carrying a massive flag."
Trivia,Does it snow in Jordan?,"Yes, especially in the highlands (Ajloun, Shobak, West Amman) for a few days in winter."
Trivia,What is the National Animal?,"The Arabian Oryx symbolizes wildlife in Jordan."
Trivia,What is Wadi Naml?,"A rocky valley in Petra featuring rock formations that look like ant hills."
Trivia,Who are the Circassians?,"A key part of Jordan's fabric, migrated from the Caucasus, playing a major role in founding Amman and the Royal Guard."
Trivia,What is the Friday Market (Souq al-Juma)?,"A huge popular market for second-hand clothes (Baleh) held in Al-Mahatta or Ras Al-Ain."
Trivia,What is 'Ya Hala'?,"The most famous Jordanian welcome phrase said to guests, meaning 'Welcome as family'."
Category,Question,Answer
Jordan_History,When was Jordan's Independence Day?,"Jordan gained full independence on May 25, 1946, which is the Kingdom's National Day."
Jordan_History,Who is the founding King of Jordan?,"King Abdullah I bin Al-Hussein is the founder of the Emirate of Transjordan and the Kingdom."
Jordan_History,Who wrote the Jordanian Constitution?,"King Talal bin Abdullah established the modern Jordanian Constitution in 1952, considered one of the most progressive."
Jordan_History,When was the Arabization of the Army command?,"King Hussein bin Talal Arabized the army command and dismissed Glubb Pasha on March 1, 1956."
Jordan_History,What is the Battle of Karameh?,"A battle in 1968 where the Jordanian Army defeated Israeli forces, shattering the myth of the invincible army."
Jordan_History,What is the Great Arab Revolt?,"A revolution launched in 1916 led by Sharif Hussein bin Ali against Ottoman rule, marking the foundation of the modern Jordanian state."
Jordan_History,What does the seven-pointed star in the flag mean?,"It symbolizes the seven verses of Al-Fatiha in the Quran, and the unity of Arab goals."
Jordan_History,What are the colors of the Jordanian flag?,"Black (Abbasids), White (Umayyads), Green (Fatimids), and Red (Hashemites)."
Jordan_History,When did King Abdullah II ascend the throne?,"His Majesty King Abdullah II assumed his constitutional powers on February 7, 1999."
Jordan_History,Who is the current Crown Prince of Jordan?,"His Royal Highness Crown Prince Al-Hussein bin Abdullah II."
Jordan_Symbols,What is the national flower of Jordan?,"The Black Iris, a rare flower that blooms in spring."
Jordan_Symbols,What is the national bird of Jordan?,"The Sinai Rosefinch, which is frequently found in Petra."
Jordan_Symbols,What is the official Coat of Arms?,"The Royal Hashemite Crown symbolizes the monarchy, and the red sash symbolizes sacrifice and purity."
Jordan_Nature,What33333333 is Shaumari Reserve?,"Jordan's first nature reserve, established to protect the Arabian Oryx from extinction."
Jordan_Nature,What is Azraq Wetland Reserve?,"A water oasis in the eastern desert serving as a vital stopover for migratory birds between Africa and Europe."
Jordan_Nature,What is King Talal Dam?,"The largest dam in Jordan located in Jerash, used for rainwater storage and irrigation."
Jordan_Nature,What is Wadi Hidan?,"A magical water canyon in Madaba featuring black basalt rocks and flowing water, a favorite for adventurers."
Jordan_Nature,What are Bergesh Forests?,"Dense forests located in Al-Koura (Irbid), famous for their oak trees and Al-Dhaher Cave."
Jordan_Nature,Where are hot springs other than Ma'in?,"There are North Shuna hot springs and Al-Himma hot springs in the Yarmouk Valley."
Jordan_Nature,What endangered animal lives in Dana?,"The Caracal (desert lynx) and the Nubian Ibex live in the rocky slopes of Dana."
Jordan_Archeology,What are the Ain Ghazal statues?,"The oldest plaster human statues discovered in the world, dating back to the Neolithic period (8000 BC), displayed in the Jordan Museum."
Jordan_Archeology,What is the Mesha Stele?,"An ancient stone where Moabite King Mesha inscribed his victories. It is the most important written document in the region's history."
Jordan_Archeology,What is Umm el-Jimal?,"Nicknamed 'The Black Oasis', a Nabataean-Byzantine city in Mafraq built entirely of black volcanic basalt."
Jordan_Archeology,What is Qasr Al-Kharana?,"An Umayyad desert castle unique for being built solely for defense purposes, containing no mosaics."
Jordan_Archeology,What is Qasr Al-Mushatta?,"An Umayyad palace near the airport. Its famous ornate facade was moved to the Pergamon Museum in Berlin."
Jordan_Archeology,What is Iraq Al-Amir?,"An area west of Amman containing Qasr Al-Abd and ancient caves, famous for its natural beauty."
Jordan_Archeology,What are the ruins of Pella (Tabaqat Fahl)?,"One of the Decapolis cities, known for being continuously inhabited from the Stone Age until today."
Jordan_Archeology,What is the Map Church?,"St. George's Church in Madaba, which contains the oldest mosaic map of the Holy Land."
Jordan_Archeology,What is the Nymphaeum?,"A Roman public fountain in downtown Amman used for water distribution and city decoration."
Jordan_Archeology,What is Shobak Castle (Montreal)?,"A Crusader castle built in a remote area, famous for a secret water tunnel descending deep into the mountain."
Jordan_Culture,What is Jordanian Dabke?,"A collective folk dance expressing joy and unity, performed at weddings and national events."
Jordan_Culture,What is Al-Mehbash?,"A wooden tool for grinding coffee manually. The rhythmic sound of grinding is a symbol of hospitality and inviting guests."
Jordan_Culture,What is the Rababa?,"An ancient Bedouin single-string musical instrument used to accompany Nabati poetry."
Jordan_Culture,What is the Jordanian Thob (Madruga)?,"The traditional dress for Jordanian women, with embroidery and colors varying by region (Salt, Karak, Ma'an)."
Jordan_Culture,What is the Jordanian Shemagh?,"The traditional red and white headscarf for men, symbolizing national identity and the Arab Army."
Jordan_Culture,What is 'Jaha'?,"A tribal custom for proposing marriage, where dignitaries from the groom's family officially ask for the bride's hand."
Jordan_Culture,What is 'Atwa'?,"A tribal security truce granted between conflicting parties until a problem is solved, part of tribal law."
Jordan_Culture,What is Bayt Al-Sha'er?,"The traditional Bedouin tent made of black goat hair, known for being water and heat resistant."
Jordan_Culture,What is Al-Samer?,"A Bedouin singing and dancing art performed by men in a row, relying on clapping and improvised poetry."
Jordan_Culture,Who is Arar?,"Mustafa Wahbi Al-Tal, Jordan's foremost poet, who praised the homeland's soil and the poor."
Jordan_Economy,What are Jordan's main natural resources?,"Phosphate, Potash (from the Dead Sea), and Oil Shale."
Jordan_Economy,What is the Jordanian Dinar pegged to?,"The JOD is pegged to the US Dollar at a fixed rate (1 JOD = 1.41 USD) since 1995."
Jordan_Economy,What is the Arab Potash Company?,"One of the world's largest producers of potash, with factories located at the Dead Sea."
Jordan_Economy,What is Aqaba Port?,"Jordan's only maritime outlet, handling the majority of the Kingdom's imports and exports."
Jordan_Economy,What is the Abdali Project?,"A massive real estate development in Amman, considered the 'New Downtown' of the capital."
Jordan_Economy,Medical Tourism in economy?,"Jordan is the #1 destination in the Middle East for medical tourism, generating significant revenue."
Jordan_Economy,What is Kin>>>>>>>.g Hussein Business Park?,"A high-tech business complex in Amman hosting major global companies and startups."
Jordan_Economy,What is Oil Shale?,"Jordan possesses huge reserves of oil shale and gas, particularly in the Risha area."
Jordan_Economy,What is Royal Jordanian?,"The national flag carrier airline, established in 1963, nicknamed 'The Flying Ambassador of Jordan'."
Jordan_Economy,What is King Hussein Business Park?,"A free zone and investment area in Amman attracting global technology companies."
Jordan_Food_More,What is Rashouf?,"A popular winter dish made of wheat groats, lentils, and Jameed, eaten hot."
Jordan_Food_More,What are Lazagiyat?,"A traditional dessert consisting of thin bread baked on a Saj, covered with ghee and sugar/honey."
Jordan_Food_More,What are Ca'akeel?,"A popular dish in northern Jordan consisting of dough balls cooked in yogurt or lentil soup."
Jordan_Food_More,What is Jordanian Harissa?,"A popular sweet made of semolina, ghee, and syrup, garnished with almonds, famous in downtown Amman."
Jordan_Food_More,What are Warbat?,"A famous Ramadan dessert consisting of pastry layers filled with fresh cream and syrup."
Jordan_Food_More,What is Tamarind drink?,"A popular drink sold by street vendors in traditional attire in old Amman streets."
Jordan_Food_More,What is Sajiyeh?,"A method of cooking meat in a large wok (Saj) over firewood, essential for outdoor picnics."
Jordan_Food_More,What is Jameed?,"Dried, salted goat yogurt in the form of stone-hard balls, the key ingredient for Mansaf."
Jordan_Food_More,What is Baladi Ghee?,"Animal fat made at home, added to food and sweets for a rich, distinctive flavor."
Jordan_Food_More,What is Baladi Za'atar?,"An essential breakfast mix of dried thyme, sesame, and sumac, eaten with olive oil."
Jordan_Cities,What is Fuheis famous for?,"A predominantly Christian city famous for the Fuheis Festival and Christmas celebrations."
Jordan_Cities,What is Mafraq famous for?,"It is the international transport hub connecting Jordan with Iraq and Syria, housing King Hussein Air Base."
Jordan_Cities,What is Ramtha famous for?,"Its border location, folk poetry, cross-border trade, and traditional wedding songs."
Jordan_Cities,What is the Jordan Valley (Ghor)?,"A low, warm area (Jordan's food basket) producing vegetables and fruits (especially bananas) year-round."
Jordan_Cities,What is Sahab?,"An industrial city east of Amman, housing the largest industrial estate and Islamic cemetery."
Jordan_Cities,What is Baqa'a Camp?,"The largest Palestinian refugee camp in Jordan, known for its very active commercial market."
Jordan_Cities,Where is Mutah University?,"Located in Karak Governorate, it has both a military wing and a civilian wing."
Jordan_Cities,What is Umm Qais?,"A city in the far north overlooking three countries (Jordan, Syria, Palestine) and the Sea of Galilee."
Jordan_Cities,What is the Downtown Souq (Hasba)?,"The oldest and largest market for fresh fruit and vegetables in downtown Amman."
Jordan_Cities,What is Wakalat Street?,"A pedestrian-only street in the Sweifieh area of Amman, featuring global brands."
Religious_Sites,What is Prophet Ayub Shrine?,"A religious shrine located in Salt, visited for blessings and prayer."
Religious_Sites,What is Prophet Yosha Shrine?,"Located in Salt on a high hill overlooking the Jordan Valley and Palestine."
Religious_Sites,Where is the Buqayawiya Tree?,"In the eastern desert; it is believed Prophet Muhammad rested under it during his journey to the Levant."
Religious_Sites,Who are the Mutah Companions?,"Shrines in Al-Mazar Al-Janoubi for the leaders of the Battle of Mutah: Ja'far, Abdullah, and Zaid."
Religiourrs_Sites,What is Lady of the Mountain Church?,"A church in Anjara (Ajloun) recognized by the Vatican as a Christian pilgrimage site."
Religious_Sites,What is Mount Nebo religiously?,"Where Prophet Moses stood and saw the Holy Land; believed to be his burial place."
Religious_Sites,Where is the Cave of Jesus?,"In Iraq Al-Amir, it is believed Jesus Christ sought refuge there."
Religious_rrrSites,What is Al-Husseini Mosque?,"The oldest mosque in downtown Amman, built on the ruins of an ancient Umayyad mosque."
Religious_Sites,What is King Hussein Mosque?,"Currently the largest mosque in Jordan, located in Dabouq, known for its grandeur and high location."
Religious_Sites,What is the Byzantine Church in Petra?,"An ancient church discovered in Petra featuring amazingly preserved mosaic floors."
Modern_Life,What is Arbor Day?,"A national day on January 15th dedicated to planting trees across the Kingdom."
Modern_Life,What is the Global Village in Amman?,"A summer festival that used to showcase cultures and products from around the world."
Modern_Life,What is the Royal Tank Museum?,"A world-class military museum in Amman displaying hundreds of tanks and narrating military history."
Modern_Life,What is Abdali Boulevard?,"A modern pedestrian promenade surrounded by hotels and restaurants, hosting seasonal events."
Modern_Life,What is Sanad App?,"The official government app for digital services and digital identity in Jordan."
Modern_Life,What is 'Tamatem'?,"A Jordanian startup considered the leading mobile games publisher in the Arab world."
Modern_Life,What is King Hussein Cancer Center?,"One of the best cancer treatment centers in the Middle East, serving patients from the whole region."
Modern_Life,What is Amman Film Festival?,"An annual international festival supporting Jordanian and Arab filmmakers."
Modern_Life,What is the National Conservatory Orchestra?,"A professional Jordanian musical ensemble performing global and Arabic concerts."
Modern_Life,What are Rotana/Hala/Mazaj FM?,"Famous FM radio stations in Jordan that people listen to during morning drives."
Trivia,How many districts (Liwa) in Jordan?,"There are 51 districts distributed across the governorates."
Trivia,What is Jordan's Zip Code?,"Each area has a code, but downtown Amman is 11118."
Trivia,What is Jordan's calling code?,"+962"rrrrrrrrrr3qrqaqgf
Trivia,What is the tallest flagpole?,"Raghadan Flagpole (126m) was once the tallest in the world, carrying a massive flag."
Trivia,Does it snow in Jordan?,"Yes, especially in the highlands (Ajloun, Shobak, West Amman) for a few days in winter."
Trivia,What is the National Animal?,"The Arabian Oryx symbolizes wildlife in Jordan."
Trivia,What is Wadi Naml?,"A rocky valley in Petra featuring rock formations that look like ant hills."
Trivia,Who are the Circassians?,"A key part of Jordan's fabric, migrated from the Caucasus, playing a major role in founding Amman and the Royal Guard."
Trivia,What is the Friday Market (Souq al-Juma)?,"A huge popular market for second-hand clothes (Baleh) held in Al-Mahatta or Ras Al-Ain."
Trivia,What is 'Ya Hala'?,"The most famous Jordanian welcome phrase said to guests, meaning 'Welcome as family'."