question,answer
متى تأسست الأردن؟,"تأسست المملكة الأردنية الهاشمية عام 1946."
أين تقع الأردن؟,"تقع الأردن في الشرق الأوسط بين السعودية والعراق وسوريا وفلسطين."
ما مساحة الأردن؟,"تبلغ مساحة الأردن حوالي 89,342 كيلومتر مربع."
كم عدد محافظات الأردن؟,"عدد محافظات الأردن 12 محافظة."
ما هي محافظات الأردن؟,"عمان، الزرقاء، إربد، البلقاء، مادبا، الكرك، الطفيلة، معان، العقبة، المفرق، جرش، عجلون."
ما مساحة محافظة عمان؟,"تبلغ مساحة محافظة عمان حوالي 7580 كم مربع."
ما معالم محافظة عمان؟,"من معالمها المدرج الروماني، جبل القلعة، المتحف الأردني، المسرح الروماني."
ما مساحة محافظة الزرقاء؟,"تبلغ مساحة محافظة الزرقاء حوالي 4080 كم مربع."
ما معالم محافظة الزرقاء؟,"من معالمها قصر شبيب ومدينة الأزرق القريبة منها."
ما مساحة محافظة إربد؟,"تبلغ مساحة محافظة إربد حوالي 1572 كم مربع."
ما معالم محافظة إربد؟,"من معالمها أم قيس، جامعة اليرموك، والمواقع الأثرية الرومانية."
ما مساحة محافظة البلقاء؟,"تبلغ مساحة محافظة البلقاء حوالي 1120 كم مربع."
ما معالم محافظة البلقاء؟,"من معالمها مدينة السلط التاريخية ومتحف السلط."
ما مساحة محافظة مادبا؟,"تبلغ مساحة محافظة مادبا حوالي 940 كم مربع."
ما معالم محافظة مادبا؟,"من معالمها خريطة مادبا الفسيفسائية وجبل نيبو."
ما مساحة محافظة الكرك؟,"تبلغ مساحة محافظة الكرك حوالي 3495 كم مربع."
ما معالم محافظة الكرك؟,"من معالمها قلعة الكرك التاريخية ومتحف الكرك."
ما مساحة محافظة الطفيلة؟,"تبلغ مساحة محافظة الطفيلة حوالي 2209 كم مربع."
ما معالم محافظة الطفيلة؟,"من معالمها حمامات عفرا وضانا الطبيعية."
ما مساحة محافظة معان؟,"تبلغ مساحة محافظة معان حوالي 33163 كم مربع."
ما معالم محافظة معان؟,"من معالمها البتراء ووادي رم."
ما مساحة محافظة العقبة؟,"تبلغ مساحة محافظة العقبة حوالي 690 كم مربع."
ما معالم محافظة العقبة؟,"من معالمها خليج العقبة، المنتجعات السياحية، والمدينة الإسلامية القديمة أيلة."
ما مساحة محافظة المفرق؟,"تبلغ مساحة محافظة المفرق حوالي 26551 كم مربع."
ما معالم محافظة المفرق؟,"من معالمها قصر عمرة الأثري."
ما مساحة محافظة جرش؟,"تبلغ مساحة محافظة جرش حوالي 402 كم مربع."
ما معالم محافظة جرش؟,"من معالمها مدينة جرش الأثرية الرومانية."
ما مساحة محافظة عجلون؟,"تبلغ مساحة محافظة عجلون حوالي 412 كم مربع."
ما معالم محافظة عجلون؟,"من معالمها قلعة عجلون ومحمية عجلون الطبيعية."
ما هي أكلة المنسف؟,"المنسف هو الطبق الوطني الأردني. المكونات: لحم الغنم أو الدجاج، الأرز، الجميد، بهارات، مكسرات. تاريخ الأكلة: يُعتقد أن المنسف موجود منذ أكثر من 500 سنة ويعكس التراث البدوي الأردني. فيديو التحضير: https://www.youtube.com/watch?v=qyeo2t025e8. أشهر المطاعم: مطعم القرية الأردنية (عمان)، مطعم نبع الأردن (عمان)، مطعم الطاسة (إربد)."
ما هي أكلة المقلوبة؟,"المقلوبة هي طبق أرز مع دجاج أو لحم وخضار (باذنجان، بطاطا). تاريخ الأكلة: المقلوبة متداولة منذ قرون في بلاد الشام الأردنية والفلسطينية. فيديو التحضير: https://www.youtube.com/watch?v=cTc_4yudLUs. أشهر المطاعم: مطعم أم علي (عمان)، مطعم المأكولات الشرقية (الزرقاء)."
ما هي أكلة الزرب؟,"الزرب طبق بدوي أصيل من لحم أو دجاج وخضار وبهارات يُطهى عادة تحت الأرض أو على نار هادئة. تاريخ الأكلة: معروف منذ أكثر من 200 سنة في جنوب الأردن. فيديو: https://www.youtube.com/watch?v=q6HGv6fNt3I. أشهر المطاعم: زرب النصار (عمان)، مطعم أصل الزرب (سحاب)."
ما هي الكنافة؟,"الكنافة هي حلوى شرقية محبوبة، المكونات: عجينة الكنافة، جبن أو قشطة، شيرة (شراب السكر)، فستق. تاريخ الأكلة: تعود أصولها إلى المطبخ الشامي منذ أكثر من 400 سنة. فيديو التحضير: https://www.youtube.com/watch?v=DB_buxtQLEc. أشهر حلويات: حلويات شامي (عمان)، حلويات الريحان (جرش)."
ما هي المكمورة؟,"المكمورة أكلة أردنية تقليدية تجمع دجاج أو لحم مع بصل وخضار وتُخبز بطريقة خاصة. تاريخ الأكلة: تراث شعبي موجود منذ أكثر من 150 سنة. فيديو: https://www.youtube.com/watch?v=ekkKSM577eI. أشهر المطاعم: مطعم البلد (الكرك)، مطعم الطاسة (إربد)."
ما هو المطبق؟,"المطبق هو عجين محشو باللحم أو الخضار ومطهو بطريقة مطوية. تاريخ الأكلة: المطبق متداول في جنوب الأردن منذ أكثر من 100 سنة. فيديو مرجعي: https://www.youtube.com/watch?v=sRLC07sSjQU. أشهر المطاعم: مطعم البادية الأردنية (معان)، مطعم الطاسة (إربد)."
ما هي الأكلات المشهورة في الأردن؟,"الأكلات المشهورة في الأردن تشمل: المنسف، المقلوبة، الزرب، الكنافة، والمطبق. هل تريد فيديو كيفية التحضير؟ أخبرني 😄"
ما هي الفعاليات المشهورة في الأردن؟,"الأماكن والفعاليات المشهورة في الأردن تشمل:
1. وادي رم – استكشاف الجبال الرملية الحمراء، ركوب الجمال، مشاهدة النجوم.
2. البحر الميت – السباحة في الماء الملحي، الطين العلاجي، الاسترخاء على الشواطئ.
3. البتراء – زيارة المدينة الوردية، المشي في السيق، تصوير المعالم الأثرية.
4. جرش – حضور المهرجانات الرومانية، مشاهدة المسرحيات والحفلات الموسيقية.
5. جبل نيبو – مشاهدة غروب الشمس، التصوير الفوتوغرافي، زيارة المعالم الدينية.
6. العقبة – الغوص والسنوركلينغ، رحلات القوارب، التزلج على الماء.
7. مادبا – مشاهدة الخرائط الفسيفسائية، جولات ثقافية، زيارة الكنائس القديمة.
8. عجلون – التنزه في المحميات الطبيعية، ركوب الدراجات الجبلية، مشاهدة الغابات.
9. الطفيلة – رحلات المغامرة، تسلق الجبال، زيارة المواقع التاريخية.
10. عمان – زيارة المدرج الروماني، التسوق، تجربة المطاعم والمقاهي
هل تفضل أن أعمل لك خطة فعاليات؟ 😄"
ما هي البتراء ؟,"البتراء (المدينة الوردية) هي عاصمة الأنباط العرب، نُحتت في الصخر منذ أكثر من 2000 عام. المعالم الرئيسية: السيق (مدخل المدينة بطول 1.2 كم)، الخزنة (أشهر معالمها)، المدرج النبطي، الدير، والمذبح. كانت مركزاً تجارياً عالمياً يربط الصين والهند بوسط أوروبا. فازت كواحدة من عجائب الدنيا السبع الجديدة عام 2007."
ماذا يوجد في مدينة جرش
÷هه الأثرية؟,"جرش (جراسا) هي العضو الأبرز في حلف المدن العشر (الديكابوليس). تتميز بالحفاظ على تفاصيلها المعمارية الرومانية. أهم معالمها: قوس هادريان (بوابة النصر)، ساحة الندوة البيضاوية الفريدة، شارع الأعمدة (الكاردو) الذي يمتد بطول 800 متر، مسرح الجنوب الذي يتمتع بنظام صوتي مذهل، ومعبد أرتميس.ن89"
حدثني عن جبل القلعة في عمان,"جبل القلعة هو أقدم بقعة مأهولة في عمان، ويضم آثاراً من العصور البرونزية والحديدية والرومانية والأموية. أهم المعالم: معبد هرقل الروماني (بأعمدته الضخمة)، القصر الأموي الذي يضم القبة الشهيرة، الكنيسة البيزنطية، ومتحف الآثار الأردني. يوفر الجبل إطلالة كاشفة لوسط مدينة عمان والمدرج الروماني."
ما هي أهمية مدينة مادبا الأثرية؟,"تُلقب مادبا بـ (مدينة الفسيفساء). أهم معالمها هي كنيسة القديس جورج التي تحتوي على 'خارطة مادبا'، وهي أقدم خارطة أصلية للأراضي المقدسة في العالم (القرن السادس الميلادي). كما تضم متنزه مادبا الأثري وكنيسة العذراء، وتشتهر بمدرسة الفسيفساء التي تدرّس هذا الفن العريق."
ما هو وادي رم تاريخياً؟,"وادي رم (وادي القمر) هو محمية طبيعية وتاريخية. تم استيطانه منذ عصور ما قبل التاريخ، وتوجد فيه نقوش ثمودية وصفوية ونبطية على الصخور (مثل جبل الخزعلي). اشتهر عالمياً من خلال فيلم 'لورنس العرب'. يتميز بجباله الغرانيتية الشاهقة ورماله الحمراء، وهو مدرج على قائمة التراث العالمي كوقع مختلط (طبيعي وثقافي)."
ما هي القصور الصحراوية وأين تقع؟,"هي مجموعة قصور بنيت في العصر الأموي (القرن الثامن) شرق الأردن. قصر عمرة: مشهور برسومات الفريسكو والفسيفساء ومدرج على قائمة اليونسكو. قصر الخرانة: يتميز بهندسته الدفاعية المتقنة. قصر المشتى: يشتهر بواجهته المزخرفة (التي نُقل جزء منها لمتحف برلين). كانت تستخدم كمحطات للقوافل أو مراكز للصيد والاستجمام."
ما هي قلعة عجلون؟,"بناها القائد عز الدين أسامة (أحد قادة صلاح الدين الأيوبي) عام 1184م لمراقبة تحركات الصليبيين وحماية طرق التجارة. تقع فوق جبل بني عوف وتوفر إطلالة مذهلة على غور الأردن وفلسطين. تتميز بخنادقها العميقة وأبراجها المنيعة."
ما هي محمية ضانا الطبيعية؟,"محمية ضانا هي أكبر محمية طبيعية في الأردن، تقع في وادي عربة جنوب غرب المملكة. تتميز بتنوعها البيولوجي الغني، حيث تضم أكثر من 800 نوع من النباتات وحوالي 215 نوعاً من الطيور. توفر المحمية فرصاً رائعة للمشي لمسافات طويلة، مشاهدة الطيور، والتعرف على الحياة البرية المحلية. كما تحتوي على قرى تاريخية مثل قرية ضانا التي تعكس التراث الثقافي للمنطقة."
ما هي مدينة العقبة السياحية؟,"العقبة هي المدينة الساحلية الوحيدة في الأردن على خليج العقبة. تشتهر بشواطئها الجميلة، المنتجعات الفاخرة، والأنشطة المائية مثل الغوص والسنوركلينغ. تضم مواقع تاريخية مثل المدينة الإسلامية القديمة أيلة، وأسواقاً تقليدية تقدم الحرف اليدوية المحلية والمأكولات البحرية الطازجة."
Category,Question,Answer
Education_System,ما هي مراحل التعليم في الأردن؟,"ينقسم التعليم في الأردن إلى مرحلتين رئيسيتين: مرحلة التعليم الأساسي الإلزامي (من الصف الأول حتى العاشر)، ومرحلة التعليم الثانوي (الصف الأول ثانوي والثاني ثانوي/التوجيهي) التي تتفرع إلى أكاديمي ومهني."
Education_System,هل التعليم مجاني في الأردن؟,"نعم، التعليم الحكومي في الأردن مجاني لجميع الطلاب الأردنيين في المدارس الحكومية من الصف الأول وحتى الثانوية العامة."
Tawjihi_General,ما هو امتحان التوجيهي؟,"التوجيهي هو امتحان الشهادة الثانوية العامة في الأردن، وهو الامتحان الوطني الذي يحدد مسار الطالب الجامعي وتخصصه بناءً على المعدل الذي يحصله."
Tawjihi_General,متى يعقد امتحان التوجيهي؟,"يعقد امتحان التوجيهي عادة في دورتين: الدورة الصيفية (الرئيسية) وتكون غالباً في شهر حزيران/يوليو، والدورة التكميلية (الشتوية) وتكون في شهر كانون الأول/يناير للطلاب الذين يرغبون برفع معدلهم أو استكمال متطلبات النجاح."
Tawjihi_Streams,ما هي فروع التوجيهي الأكاديمية؟,"الفروع الأكاديمية الرئيسية هي: الفرع العلمي (يؤهل لجميع التخصصات بما فيها الطب والهندسة)، والفرع الأدبي (يؤهل للتخصصات الإنسانية والاجتماعية واللغات)."
Tawjihi_Streams,ما هي فروع التوجيهي المهنية؟,"تشمل الفروع المهنية: الصناعي، الزراعي، الفندقي والسياحي، والاقتصاد المنزلي. هذه الفروع تؤهل الطالب لسوق العمل مباشرة أو لدخول الجامعات في تخصصات محددة."
Tawjihi_Streams,ما هو تخصص BTEC في المدارس الأردنية؟,"هو مسار التعليم المهني التقني الجديد المعتمد دولياً، يركز على التدريب العملي والمهارات التقنية بدلاً من الحفظ النظري، ويؤهل الطالب للجامعة أو سوق العمل بشهادات معتمدة عالمياً."
University_Admission,كيف يتم القبول في الجامعات الأردنية؟,"يتم القبول عبر وحدة القبول الموحد (Qabul Muwahad) للجامعات الحكومية، حيث يتنافس الطلاب بناءً على معدلات التوجيهي. كما يوجد نظام الموازي (على نفقة الطالب) والقبول المباشر في الجامعات الخاصة."
University_Admission,ما هو أقل معدل للقبول في الجامعات الحكومية؟,"يحدد مجلس التعليم العالي الحدود الدنيا، وعادة ما تكون: 85% للطب وطب الأسنان، 80% للهندسة والصيدلة، 65% لباقي التخصصات في الجامعات الحكومية، و60% في الجامعات الخاصة (هذه النسب قد تتغير سنوياً)."
Tawjihi_Calculation,كيف يتم احتساب معدل التوجيهي؟,"يتم احتساب المعدل بناءً على العلامات التي حصل عليها الطالب في المباحث المختلفة، حيث تختلف أوزان المواد حسب الفرع (علمي أو أدبي)، ويصدر المعدل بصيغة مئوية (مثلاً 95.4%)."
Culture_Education,ما هي طقوس إعلان نتائج التوجيهي في الأردن؟,"يعتبر يوم النتائج حدثاً وطنيًا في الأردن، حيث تعم الاحتفالات وتوزيع الحلويات (الكنافة) وإطلاق الألعاب النارية، وتستقبل العائلات المهنئين بنجاح أبنائهم."
Tawjihi_Curriculum,ما هي المواد المشتركة في التوجيهي؟,"المواد المشتركة لجميع الفروع عادة هي: اللغة العربية، اللغة الإنجليزية، التربية الإسلامية، وتاريخ الأردن."
Education_Development,هل يوجد تعليم دولي في الأردن؟,"نعم، بالإضافة للبرنامج الوطني، توفر العديد من المدارس الخاصة برامج دولية مثل IGCSE (البريطاني)، و IB (البكالوريا الدولية)، و SAT (الأمريكي)."
Universities,ما هي أشهر الجامعات في الأردن؟,"من أشهر الجامعات الحكومية: الجامعة الأردنية (بعمان)، جامعة اليرموك (باربد)، جامعة العلوم والتكنولوجيا (بالرمثا)، والجامعة الهاشمية (بالزرقاء)."
Study_Tips,كيف أدرس للتوجيهي بذكاء؟,"نصائح ذهبية: 1. تنظيم جدول دراسي واقعي. 2. حل أسئلة وزاريّة لسنوات سابقة (الدورات الماضية). 3. الابتعاد عن المشتتات. 4. الاعتماد على الكتاب المدرسي كمصدر أساسي."
Volunteer_Work,هل العمل التطوعي يفيد طالب التوجيهي؟,"نعم، حالياً تشترط وزارة التعليم العالي ومنحة (تيكة أم علي) وغيرها وجود ساعات خدمة مجتمعية لبعض المنح الدراسية، ويمكن الحصول عليها عبر منصة 'نحن' (Nahno)."
Category,Question,Answer
Tourism_Petra,ما هي البتراء؟,"البتراء هي المدينة الوردية المنحوتة في الصخر، عاصمة العرب الأنباط، وهي إحدى عجائب الدنيا السبع الجديدة ومن مواقع التراث العالمي لليونسكو."
Tourism_Petra,ما هو السيق؟,"السيق هو ممر صخري ضيق وطويل يمتد لحوالي 1.2 كم، وهو المدخل الرئيسي لمدينة البتراء القديمة، ينتهي بمشهد مدهش للخزنة."
Tourism_Petra,متى افضل وقت لتصوير الخزنة؟,"أفضل وقت لتصوير الخزنة هو ما بين الساعة 9 صباحاً و11 صباحاً عندما تسقط أشعة الشمس مباشرة على واجهتها، أو ليلاً خلال فعالية 'البتراء ليلاً' على ضوء الشموع."
Tourism_Wadi_Rum,لماذا يسمى وادي رم بوادي القمر؟,"يسمى وادي القمر لتضاريسه الصخرية الفريدة ورماله الحمراء التي تشبه سطح المريخ والقمر، وقد تم تصوير أفلام عالمية فيه مثل The Martian."
Tourism_Wadi_Rum,ما هو الزرب؟,"الزرب هو طريقة طبخ بدوية تقليدية في وادي رم، حيث يوضع اللحم والخضار في برميل ويدفن تحت الرمل الساخن والجمر لعدة ساعات حتى ينضج ببطء."
Tourism_Dead_Sea,ما الذي يميز البحر الميت؟,"البحر الميت هو أخفض نقطة على سطح الأرض (430 متر تحت سطح البحر)، ويتميز بمياهه شديدة الملوحة التي تجعل السباحة فيه مستحيلة الغرق (الطفو)، وطينه الغني بالمعادن العلاجية."
Tourism_Jerash,ماذا يوجد في مدينة جرش؟,"جرش هي واحدة من أفضل المدن الرومانية المحفوظة في العالم خارج إيطاليا، تشتهر بشارع الأعمدة، ساحة الندوة البيضاوية، ومسارحها التي يقام فيها مهرجان جرش للثقافة والفنون."
Tourism_Aqaba,ما هي النشاطات في العقبة؟,"العقبة هي المنفذ البحري الوحيد للأردن على البحر الأحمر، تشتهر برياضة الغوص لمشاهدة المرجان الملون، الرحلات البحرية، والمتحف العسكري الغارق (دبابات وطائرات تحت الماء)."
Tourism_Nature,ما هي محمية ضانا؟,"ضانا هي أكبر محمية طبيعية في الأردن، تتميز بتنوع حيوي هائل يجمع بين مناخات مختلفة من جبال خضراء إلى صحراء، وهي مثالية لمحبي المشي والتخييم البيئي."
Tourism_Nature,ما هو وادي الموجب؟,"وادي الموجب هو 'جراند كانيون' الأردن، وهو ممر مائي ضيق يمر بين جبال صخرية شاهقة ويصب في البحر الميت، ويعتبر وجهة مفضلة للمغامرة وتسلق الشلالات."
Tourism_Religious,ما هو المغطس؟,"المغطس هو موقع المعمودية على نهر الأردن، حيث تعمد السيد المسيح عليه السلام، وهو موقع حج مسيحي عالمي معترف به من اليونسكو والفاتيكان."
Tourism_Amman,ما هي أهم معالم عمان؟,"تجمع عمان بين العراقة والحداثة، ومن أهم معالمها: جبل القلعة (معبد هرقل)، المدرج الروماني وسط البلد، شارع الرينبو، ومسجد الملك عبدالله الأول."
Jordan_Food,ما هو المنسف؟,"المنسف هو الطبق الوطني للأردن، يتكون من لحم الضأن المطبوخ بـ 'الجميد' (لبن مجفف)، ويقدم فوق خبز الشراك والأرز، ويزين باللوز والصنوبر."
Jordan_Food,ما هي تقاليد تقديم القهوة العربية؟,"القهوة العربية رمز للكرم، تُصب باليد اليسرى وتُقدم باليمنى، ويُسكب كمية قليلة في قاع الفنجان. هز الفنجان يعني الاكتفاء، ورفعه يعني طلب المزيد."
Jordan_Logistics,ما هي التذكرة الموحدة (Jordan Pass)؟,"هي تذكرة توفر للسياح الدخول المجاني لأكثر من 40 موقع سياحي (بما فيها البتراء) وتعفيهم من رسوم تأشيرة الدخول إذا أقاموا في الأردن 3 ليالٍ متتالية على الأقل."
Jordan_Logistics,ما هي العملة المستخدمة في الأردن؟,"العملة الرسمية هي الدينار الأردني (JOD)، وهو مرتبط بالدولار الأمريكي (1 دينار = 1.41 دولار تقريباً)، وتنتشر مكاتب الصرافة والدفع بالبطاقات في المدن الرئيسية."
Jordan_Logistics,كيف أتنقل بين المحافظات؟,"يمكن التنقل باستخدام حافلات 'جت' (Jett) السياحية المريحة، أو استئجار سيارة، أو استخدام تطبيقات النقل الذكي داخل عمان، والتاكسي الأصفر."
Culture_Souvenirs,ما هي أشهر الهدايا التذكارية من الأردن؟,"يشتهر الأردن بمنتجات البحر الميت العلاجية، الفسيفساء من مأدبا، الكوفية (الشماغ) الأردني، والزجاج الملون بالرمل."
Generic_Safety,هل الأردن بلد آمن للسياح؟,"نعم، يعتبر الأردن من أكثر البلدان أماناً واستقراراً في الشرق الأوسط، والشعب الأردني معروف بحسن الضيافة ومساعدة الزوار."
Category,Question,Answer
Sports_National_Team,ما هو لقب المنتخب الوطني الأردني لكرة القدم؟,"يُلقب المنتخب الوطني بـ 'النشامى'، وهو لقب يعكس الشجاعة والنخوة الأردنية."
Sports_National_Team,ما هو أكبر إنجاز لمنتخب النشامى في كأس آسيا؟,"الوصول إلى المباراة النهائية في كأس آسيا 2023 التي أقيمت في قطر، وحصوله على المركز الثاني."
Sports_National_Team,من هو الهداف التاريخي للمنتخب الأردني؟,"الهداف التاريخي هو اللاعب حمزة الدردور."
Sports_National_Team,من هو أشهر لاعب أردني محترف في أوروبا حالياً؟,"موسى التعمري، المحترف في الدوري الفرنسي (نادي مونبلييه)، ويعتبر من أفضل اللاعبين في تاريخ الكرة الأردنية."
Sports_National_Team,من هو حارس المرمى الملقب بـ 'الحوت'؟,"عامر شفيع، وهو الحارس التاريخي للمنتخب الأردني وأكثر اللاعبين تمثيلاً للمنتخب دولياً."
Sports_National_Team,متى تأسس الاتحاد الأردني لكرة القدم؟,"تأسس الاتحاد الأردني لكرة القدم عام 1949."
Sports_National_Team,من هو المدرب الذي قاد الأردن لملحق كأس العالم 2014؟,"المدرب المصري الراحل محمود الجوهري وضع الأساس، والمدرب حسام حسن قاد الفريق في الملحق العالمي ضد الأوروغواي."
Sports_National_Team,ما هو لون الزي الرسمي لمنتخب النشامى؟,"الزي الأساسي هو اللون الأبيض (مع الشماغ الأحمر)، والزي الاحتياطي هو اللون الأحمر."
Sports_National_Team,ما هو شعار الاتحاد الأردني لكرة القدم؟,"يتكون الشعار من النجمة السباعية (رمز العلم الأردني) وكرة قدم."
Sports_Football_Clubs,ما هي قمة (ديربي) الكرة الأردنية؟,"هي المباراة التي تجمع بين القطبين: النادي الفيصلي ونادي الوحدات."
Sports_Football_Clubs,من هو 'الزعيم' في الكرة الأردنية؟,"لقب يطلق عادة على النادي الفيصلي نظراً لكثرة ألقابه المحلية والقارية."
Sports_Football_Clubs,من هو 'المارد الأخضر'؟,"هو لقب نادي الوحدات."
Sports_Football_Clubs,ما هو أول نادٍ أردني يفوز بلقب قاري (كأس الاتحاد الآسيوي)؟,"النادي الفيصلي هو أول من حقق اللقب مرتين متتاليتين (2005 و 2006)."
Sports_Football_Clubs,ما هو لقب نادي الرمثا؟,"يُلقب بـ 'غزلان الشمال'."
Sports_Football_Clubs,من هو بطل دوري المحترفين لموسم 2023/2024؟,"نادي الحسين إربد حقق اللقب لأول مرة في تاريخه في إنجاز تاريخي."
Sports_Football_Clubs,أين يقع ستاد عمان الدولي؟,"يقع في مدينة الحسين للشباب في العاصمة عمان، وهو الملعب الرئيسي للمنتخب."
Sports_Football_Clubs,ما هو ستاد الحسن؟,"هو ملعب كرة قدم رئيسي يقع في مدينة إربد (شمال الأردن)."
Sports_Football_Clubs,ما هو أقدم نادي في الأردن؟,"نادي الأردن (تأسس 1929) ولكنه لم يستمر، ويُعتبر النادي الفيصلي (تأسس 1932) من أعرق الأندية المستمرة."
Sports_Football_Clubs,كم عدد أندية دوري المحترفين الأردني؟,"يتكون الدوري عادة من 12 نادياً يتنافسون بنظام الذهاب والإياب."
Sports_Basketball,ما هو لقب المنتخب الوطني لكرة السلة؟,"يُلقب بـ 'صقور الأردن' (Jordan Falcons)."
Sports_Basketball,كم مرة تأهل الأردن لكأس العالم لكرة السلة؟,"تأهل الأردن لكأس العالم 3 مرات (2010 في تركيا، 2019 في الصين، 2023 في الفلبين)."
Sports_Basketball,من هو زيد عباس؟,"هو أسطورة كرة السلة الأردنية وأحد القادة التاريخيين لصقور الأردن."
Sports_Basketball,من هو المجنس الذي تألق مع صقور الأردن في 2023؟,"رونديه جيفرسون، الذي قدم أداءً مذهلاً شُبه بأداء كوبي براينت."
Sports_Basketball,ما هي أشهر أندية كرة السلة في الأردن؟,"النادي الأرثوذكسي والنادي الأهلي هما الأقطاب التقليدية لكرة السلة الأردنية."
Sports_Basketball,أين تقام مباريات كرة السلة عادة؟,"في صالة الأمير حمزة بمدينة الحسين للشباب."
Sports_Olympics,من حقق أول ميدالية ذهبية أولمبية للأردن؟,"البطل أحمد أبو غوش في رياضة التايكواندو (أولمبياد ريو 2016)."
Sports_Olympics,من حقق الميدالية الفضية في أولمبياد طوكيو 2020؟,"البطل صالح الشرباتي في رياضة التايكواندو."
Sports_Olympics,من حقق الميدالية البرونزية في الكراتيه في طوكيو؟,"البطل عبد الرحمن المصاطفة."
Sports_Olympics,ما هي الرياضة الفردية الأكثر نجاحاً في الأردن؟,"التايكواندو هي الرياضة الأنجح والأكثر تحقيقاً للميداليات العالمية والأولمبية للأردن."
Sports_Olympics,من هو زيد كريم؟,"بطل أردني واعد في التايكواندو حقق الميدالية الفضية في أولمبياد باريس 2024."
Sports_Individual,ما هي عائلة 'عشيش' الرياضية؟,"عائلة رياضية اشتهرت في الملاكمة، أبرزهم حسين وزياد عشيش الذين حققوا إنجازات آسيوية وعالمية."
Sports_Individual,هل يوجد جمباز في الأردن؟,"نعم، واللاعب أحمد أبو السعود يعتبر بطلاً عالمياً وحقق ميداليات في بطولات العالم على جهاز حصان المقابض."
Sports_Individual,ما هي انجازات ذوي الاحتياجات الخاصة (البارالمبية)؟,"الأردن متميز جداً بارالمبياً، خاصة في رفع الأثقال (معتز الجنيدي، عمر قرادة) وكرة الطاولة (مها البرغوثي)."
Sports_Individual,من هي مها البرغوثي؟,"أسطورة الرياضة البارالمبية الأردنية، توجت بذهبية سيدني 2000 في كرة الطاولة، وأول رياضية أردنية تحقق ذهبية أولمبية/بارالمبية."
Sports_Motorsport,ما هو رالي الأردن؟,"هو سباق سيارات دولي، كان جزءاً من بطولة العالم للراليات (WRC)، ويقام في منطقة البحر الميت لتضاريسها الفريدة."
Sports_Motorsport,من هم أشهر سائقي الراليات في الأردن؟,"الملك الراحل الحسين بن طلال كان عاشقاً للرياضة، والأمير فيصل بن الحسين، والمتسابق أمجد فراح."
Sports_Marathon,ما هو ألتراماراثون البحر الميت؟,"هو سباق جري سنوي يُعرف بأنه 'أخفض ماراثون في العالم'، حيث ينتهي عند شاطئ البحر الميت."
Sports_Women,هل استضاف الأردن بطولات عالمية للسيدات؟,"نعم، استضاف الأردن كأس العالم للسيدات تحت 17 سنة في عام 2016، في إنجاز تنظيمي كبير."
Sports_Women,ما هو نادي عمان للسيدات؟,"نادي كرة قدم نسوي أردني، حقق لقب بطولة الأندية الآسيوية للسيدات (لقب قاري) في إنجاز غير مسبوق."
Sports_Women,من هي جوليانا الصادق؟,"بطلة تايكواندو أردنية، وهي أول عربية تتصدر التصنيف العالمي للتايكواندو في وزنها."
Sports_Facilities,ما هي مدينة الحسين للشباب؟,"هي أكبر مجمع رياضي في الأردن، تضم ملاعب وصالات ومسابح، وتقع في قلب عمان."
Sports_Facilities,ما هو ستاد الملك عبد الله الثاني؟,"يقع في منطقة القويسمة بعمان، ويعتبر المعقل الرئيسي لجماهير نادي الوحدات."
Sports_Facilities,هل يوجد حلبة سباق سيارات في الأردن؟,"نعم، حلبة منجا الدولية (Manja) وحلبة سوفكس."
Sports_General,ما هي اللجنة الأولمبية الأردنية؟,"هي الهيئة المسؤولة عن الرياضة التنافسية في الأردن، ويرأسها الأمير فيصل بن الحسين."
Sports_General,ما هي مبادرة 'قصي'؟,"مبادرة ملكية تهدف لتطوير أداء المعالجين الرياضيين وسلامة اللاعبين في الملاعب."
Sports_General,ما هو الجوجيتسو في الأردن؟,"رياضة قتالية تشهد انتشاراً واسعاً، والأردن يحقق فيها ميداليات آسيوية وعالمية باستمرار."
Sports_General,ما هي رياضة الكيك بوكسينغ في الأردن؟,"من الرياضات القتالية الشعبية جداً، وللأردن تاريخ طويل من الأبطال فيها مثل عدي أبو حصوة."
Sports_General,هل يمارس الأردنيون رياضة التسلق؟,"نعم، خاصة في وادي رم، الذي يعتبر وجهة عالمية للمتسلقين."
Sports_General,ما هي رياضة الرجبي في الأردن؟,"رياضة صاعدة، ولدينا منتخب وطني (النشامى والنشميات) يشارك في البطولات الآسيوية."
Sports_General,هل يوجد رياضة مبارزة في الأردن؟,"نعم، والاتحاد الأردني للمبارزة نشيط ويحقق لاعبوه ميداليات في البطولات العربية."
Sports_Local,ما هي 'الحارات' في كرة القدم؟,"هي كرة القدم الشعبية التي تلعب في الشوارع، وكانت المنطلق للعديد من نجوم الكرة الأردنية."
Sports_Local,ما هي بطولة الدرع؟,"هي بطولة تنشيطية لأندية المحترفين تقام قبل بداية الدوري."
Sports_Local,ما هي بطولة كأس الكؤوس؟,"مباراة تجمع بين بطل الدوري وبطل الكأس لافتتاح الموسم الكروي."
Sports_Local,من هو اللاعب الملقب بـ 'بيكا'؟,"هو لقب اللاعب مهند أبو طه، موهبة شابة صاعدة."
Sports_Local,من هو 'البيكاسو'؟,"لقب اللاعب رأفت علي، أسطورة نادي الوحدات."
Sports_Local,من هو 'حسونة'؟,"حسونة الشيخ، أسطورة وقائد النادي الفيصلي السابق."
Sports_History,متى شارك الأردن لأول مرة في الأولمبياد؟,"شارك الأردن لأول مرة في أولمبياد موسكو عام 1980."
Sports_History,ما هي الدورة العربية التي استضافها الأردن؟,"استضاف الأردن دورة الألعاب العربية عام 1999 (دورة الحسين) وكانت حدثاً كبيراً."
Sports_Adventure,ما هو مسار الأردن (Jordan Trail)؟,"هو مسار مشي طويل يمتد من أم قيس شمالاً إلى العقبة جنوباً، ويمر بأجمل تضاريس الأردن، ويقصده الرياضيون للمغامرة."
Sports_Culture,كيف يحتفل الأردنيون بفوز المنتخب؟,"تخرج المواكب بالسيارات في الشوارع، تُرفع الأعلام، وتُعزف الأغاني الوطنية مثل 'يا بيرقنا العالي'."
Category,Question,Answer
Tourism_Amman,ما هي أفضل أماكن المشي في عمان؟,"شارع الرينبو، منطقة البوليفارد (العبدلي)، ووسط البلد القديم."
Tourism_Amman,ماذا يوجد في متحف السيارات الملكي؟,"يحتوي على مجموعة نادرة من سيارات ملوك الأردن منذ تأسيس الإمارة، ويروي تاريخ الأردن من خلال السيارات."
Tourism_Amman,ما هو المدرج الروماني في عمان؟,"مسرح أثري يقع في وسط البلد، يتسع لـ 6000 متفرج، وكان يستخدم للاحتفالات في العهد الروماني."
Tourism_Amman,أين يقع متحف الأردن؟,"يقع في منطقة رأس العين، وهو أكبر متحف في الأردن ويضم مخطوطات البحر الميت وتماثيل عين غزال."
Tourism_Amman,ما هو جبل القلعة؟,"أعلى تلة في عمان القديمة، يضم معبد هرقل، القصر الأموي، ومتحف الآثار، ويطل على مشهد بانورامي لعمان."
Tourism_Amman,ما هو قصر العبد؟,"قصر أثري هلنستي نادر يقع في منطقة عراق الأمير غرب عمان."
Tourism_Amman,أين أجد أفضل كنافة في عمان؟,"تشتهر منطقة وسط البلد بمحلات الكنافة العريقة مثل حبيبة، وهي تجربة لا تفوت لأي زائر."
Tourism_Amman,ما هو سوق جارا؟,"سوق موسمي للحرف اليدوية والفنون يقام في شارع الرينبو كل يوم جمعة خلال فصل الصيف."
Tourism_Amman,ما هي منطقة اللويبده؟,"جبل ثقافي في عمان يشتهر بالمقاهي الهادئة، المراكز الفنية (مثل دارة الفنون)، وجداريات الشوارع."
Tourism_Amman,ما هو مسجد الملك عبد الله الأول؟,"يُعرف بالمسجد الأزرق، يقع في العبدلي ويتميز بقبته الفسيفسائية الزرقاء ويسمح للسياح بزيارته."
Tourism_Jerash,متى يقام مهرجان جرش؟,"يقام عادة في فصل الصيف (شهر 7 أو 8) ويستمر لعدة أيام ويضم حفلات غنائية وثقافية عالمية."
Tourism_Jerash,ما هو قوس هادريان؟,"هو بوابة ضخمة تقع في مدخل مدينة جرش الأثرية، بنيت تكريماً لزيارة الامبراطور هادريان."
Tourism_Jerash,ما هي ساحة الندوة في جرش؟,"ساحة بيضاوية الشكل فريدة من نوعها محاطة بالأعمدة، وتعتبر أيقونة المدينة الأثرية."
Tourism_Jerash,كم تبعد جرش عن عمان؟,"تبعد حوالي 48 كم شمال عمان، وتستغرق الرحلة حوالي 45 دقيقة بالسيارة."
Tourism_Jerash,هل يوجد مطاعم في جرش؟,"نعم، يوجد مطعم البيت اللبناني ومطعم أرتيمس داخل الموقع، والعديد من الاستراحات على الطريق."
Tourism_Ajloun,ما هي قلعة عجلون؟,"قلعة إسلامية بناها عز الدين أسامة (أحد قادة صلاح الدين) عام 1184م لحماية المنطقة من الصليبيين."
Tourism_Ajloun,ما هي محمية غابات عجلون؟,"محمية طبيعية تشتهر بغابات البلوط الكثيفة، وتوفر أكواخاً خشبية للمبيت وسط الطبيعة."
Tourism_Ajloun,ما هو تلفريك عجلون؟,"مشروع سياحي جديد يأخذك في رحلة هوائية فوق غابات عجلون وصولاً إلى منطقة القلعة."
Tourism_Ajloun,ما هو مسار راسون؟,"مسار مشي سياحي في قرى عجلون يمر بالأودية والينابيع والآثار القديمة."
Tourism_Ajloun,ما هي صناعة الصابون في عجلون؟,"تشتهر عجلون ببيت الصابون في المحمية، حيث يصنع الصابون يدوياً من زيت الزيتون والأعشاب الطبيعية."
Tourism_Irbid,ما هي مدينة أم قيس؟,"مدينة أثرية (جدارا) تقع شمال الأردن، تشتهر بآثارها السوداء (حجر البازلت) وإطلالتها الساحرة على بحيرة طبريا."
Tourism_Irbid,ما هو متحف دار السرايا؟,"متحف يقع في وسط إربد، كان قلعة عثمانية وسجناً قديماً ثم تحول لمتحف يعرض تاريخ المدينة."
Tourism_Irbid,ما هي طبقة فحل؟,"موقع أثري (بيلا) في الأغوار الشمالية، يشتهر بآثاره الرومانية وطبيعته الخضراء في الربيع."
Tourism_Irbid,أين يقع وادي الريان؟,"يقع في منطقة جديتا بباربد، ويتميز بالشلالات والطواحين القديمة وأشجار الرمان."
Tourism_Irbid,بماذا تشتهر إربد؟,"تلقب بعروس الشمال، وتشتهر بتربتها الخصبة، جامعاتها (اليرموك والتكنو)، وأكلة المكمورة."
Tourism_Salt,ما هو شارع الحمام في السلط؟,"شارع تراثي قديم في وسط السلط، يشتهر بمحلات العطارة والأسواق الشعبية والعمارة الحجرية الصفراء."
Tourism_Salt,لماذا أدرجت السلط على قائمة التراث العالمي؟,"بسبب طابعها المعماري الفريد ونظام التكافل الاجتماعي (المضافة) الذي يمثل العيش المشترك."
Tourism_Salt,ما هو متحف السلط التاريخي (بيت أبو جابر)؟,"قصر تراثي قديم تحول لمتحف يعرض تاريخ السلط التجاري والاجتماعي في أواخر العهد العثماني."
Tourism_Salt,ما هو مطل الستين؟,"شارع يقع في مرتفعات السلط ويوفر إطلالة بانورامية خلابة على جبال الضفة الغربية وفلسطين."
Tourism_Salt,ما هي كنيسة الخضر؟,"كنيسة تاريخية في السلط يزورها المسلمون والمسيحيون للتبرك، وتمثل رمزاً للتعايش الديني."
Tourism_Madaba,بماذا تشتهر مادبا؟,"تلقب بمدينة الفسيفساء، وتشتهر بوجود أكبر عدد من لوحات الفسيفساء البيزنطية في العالم."
Tourism_Madaba,ما هي خارطة مادبا؟,"أقدم خارطة فسيفسائية للأراضي المقدسة، توجد في أرضية كنيسة القديس جورج."
Tourism_Madaba,ما هو جبل نيبو؟,"الموقع الذي رأى منه النبي موسى أرض الميعاد وتوفي فيه، ويضم كنيسة أثرية وإطلالة على البحر الميت."
Tourism_Madaba,ما هي قلعة مكاور؟,"قلعة تاريخية تطل على البحر الميت، ويعتقد أن النبي يحيى (يوحنا المعمدان) سجن وقطع رأسه فيها."
Tourism_Madaba,ما هو وادي الهيدان؟,"وادي مغامرات مائي قرب مادبا، يعتبر من أجمل أماكن المسير المائي في الأردن."
Tourism_DeadSea,ما هو بانوراما البحر الميت؟,"متحف ومطعم يقع على حافة جرف جبلي يطل على البحر الميت، ويوفر أجمل مشهد لغروب الشمس."
Tourism_DeadSea,هل يوجد فنادق في البحر الميت؟,"نعم، توجد منطقة فنادق عالمية (5 نجوم) توفر شواطئ خاصة وعلاجات بالطين والملح."
Tourism_DeadSea,ما هي حمامات ماعين؟,"شلالات مياه معدنية حارة طبيعية تقع قرب البحر الميت، تستخدم للاستجمام والعلاج الطبيعي."
Tourism_DeadSea,ما هو شاطئ عمان السياحي؟,"شاطئ عام مجهز يتيح للزوار السباحة واستخدام المرافق بسعر تذكرة معقول مقارنة بالفنادق."
Tourism_DeadSea,ما هو الممشى البحري (Samarah Mall)؟,"مركز تجاري وممشى يضم مطاعم ومقاهي مطلة على البحر الميت."
Tourism_Karak,ما هي قلعة الكرك؟,"واحدة من أكبر القلاع الصليبية في المنطقة، تتميز بممراتها السرية وقاعاتها الضخمة تحت الأرض."
Tourism_Karak,ما هو مقام النبي نوح؟,"يوجد ضريح ينسب للنبي نوح في مدينة الكرك، وهو مزار ديني."
Tourism_Karak,بماذا تشتهر الكرك غذائياً؟,"تشتهر بأنها عاصمة 'الجميد الكركي' الأفضل لصنع المنسف الأردني."
Tourism_Karak,ما هو وادي بن حماد؟,"وادي استوائي ساحر في الكرك يتميز بالمياه الجارية والنخيل والحدائق المعلقة."
Tourism_Tafilah,ما هي قرية ضانا التراثية؟,"قرية حجرية قديمة تقع على حافة الوادي، تم ترميمها لتصبح مركزاً سياحياً ونزلاً بيئياً."
Tourism_Tafilah,ما هو نزل فينان؟,"نزل بيئي يعمل بالطاقة الشمسية بالكامل ويضاء بالشموع ليلاً، يقع في قلب وادي عربة."
Tourism_Tafilah,ما هي قلعة الشوبك؟,"قلعة صليبية (مونتريال) تقع على جبل معزول، وتشتهر بآبارها المائية ونفقها السري الطويل."
Tourism_Tafilah,ما هي حمامات عفرا؟,"ينابيع مياه حارة في الطفيلة يقصدها الناس للعلاج والاستشفاء."
Tourism_Ma'an,أين تقع البتراء الصغيرة؟,"تقع في منطقة البيضا (قرب البتراء)، وهي موقع نبطي أصغر حجماً وكان محطة للقوافل التجارية."
Tourism_Ma'an,كم سعر تذكرة البتراء؟,"لغير الأردني 50 دينار (ليوم واحد)، وللأردني دينار واحد فقط."
Tourism_Ma'an,ما هو دير البتراء؟,"أضخم مبنى في البتراء، يتطلب صعود 800 درجة صخرية للوصول إليه، ويوفر إطلالات مذهلة."
Tourism_Ma'an,ما هي المذبح في البتراء؟,"موقع ديني في قمة الجبل كان يستخدمه الأنباط لتقديم القرابين، ويوفر إطلالة على كامل المدينة."
Tourism_Wadi_Rum,ما هي رحلات الجيب في وادي رم؟,"جولات بسيارات الدفع الرباعي (بك أب) يقودها بدو محليون لاستكشاف الصحراء والجسور الصخرية."
Tourism_Wadi_Rum,ما هي المخيمات الفاخرة (Bubble Tents)؟,"خيم كروية شفافة في وادي رم تتيح لك النوم تحت النجوم مع توفر تكييف وخدمات فندقية."
Tourism_Wadi_Rum,ما هو جسر البردة؟,"أعلى جسر صخري طبيعي في وادي رم، يتطلب تسلقاً للوصول إليه ويعتبر تحدياً للمغامرين."
Tourism_Wadi_Rum,ما هو قطار الثورة العربية الكبرى؟,"قطار تاريخي يمكن للسياح ركوبه لتمثيل مشهد الهجوم على القطار كما حدث عام 1916."
Tourism_Wadi_Rum,أين صورت أفلام هوليوود في الأردن؟,"معظمها صور في وادي رم، مثل أفلام (لورنس العرب، المريخي، حرب النجوم، علاء الدين)."
Tourism_Aqaba,ما هي قلعة العقبة؟,"قلعة مملوكية تاريخية تقع قرب الشاطئ، لعبت دوراً في انتصار الثورة العربية الكبرى."
Tourism_Aqaba,ما هو الشاطئ الجنوبي؟,"الشاطئ الأفضل للسباحة والغوص في العقبة، ويضم منطقة المتنزه البحري والمرجان."
Tourism_Aqaba,ما هي سرايا العقبة؟,"مشروع سياحي ضخم يضم بحيرة شاطئية وفنادق ومراكز تسوق وألعاب مائية."
Tourism_Aqaba,ما هي أكلة الصيادية؟,"الأكلة الشعبية في العقبة، تتكون من أرز وسمك طازج وتوابل خاصة."
Tourism_Aqaba,هل يوجد مطار في العقبة؟,"نعم، مطار الملك حسين الدولي، ويستقبل رحلات دولية منخفضة التكاليف."
Tourism_Azraq,ما هي قلعة الأزرق؟,"قلعة صحرائية سوداء (بازلتية) اتخذها لورنس العرب مقراً له خلال الشتاء."
Tourism_Azraq,ما هي محمية الأزرق المائية؟,"واحة مائية نادرة في الصحراء الشرقية، وتعتبر محطة استراحة للطيور المهاجرة."
Tourism_Eastern_Desert,ما هي قصور الصحراء؟,"مجموعة من القصور الأموية في البادية الشرقية أهمها: قصر الحرانة، وقصر عمرة."
Tourism_Eastern_Desert,بماذا يتميز قصر عمرة؟,"يتميز برسوماته الجدارية (الفريسكو) النادرة التي تصور الصيد والحياة والحكام، وهو موقع تراث عالمي."
Tourism_Eastern_Desert,ما هي شجرة البقيعاوية؟,"شجرة بطم معمرة في الصحراء الشرقية يعتقد أن النبي محمد (ص) استظل تحتها في رحلته للشام."
Adventure_Tourism,ما هو مسار الأردن (Jordan Trail)؟,"مسار مشي طويل (650 كم) يقطع الأردن من أم قيس شمالاً إلى العقبة جنوباً، ويحتاج 40 يوماً لإكماله."
Adventure_Tourism,ما هو وادي الحسا؟,"أطول وادي مائي في الأردن، يمتد لمسافات طويلة ويعتبر وجهة مفضلة للمشي النهري (Canyoning)."
Adventure_Tourism,ما هو الانزال الجبلي (Abseiling)؟,"رياضة النزول بالحبال من الشلالات والمقاطع الصخرية، وتمارس بكثرة في وادي الموجب."
Adventure_Tourism,أين يمكنني ركوب الخيل؟,"في البتراء، وفي نوادي الفروسية بعمان، وفي إسطبلات خاصة في مادبا."
Medical_Tourism,لماذا يأتي السياح للعلاج في الأردن؟,"لوجود أطباء ومستشفيات بمواصفات عالمية وأسعار منافسة، خاصة في علاج القلب والعقم والعيون."
Medical_Tourism,ما هي فوائد طين البحر الميت؟,"يعالج الأمراض الجلدية مثل الصدفية والأكزيما، ويخفف آلام المفاصل والروماتيزم."
Religious_Tourism,ما هي مقامات الصحابة؟,"مزارات دينية في الأغوار والكرك تضم أضرحة قادة معركة مؤتة (جعفر الطيار، زيد بن حارثة، عبدالله بن رواحة)."
Religious_Tourism,ما هو كهف أهل الكهف؟,"موقع أثري في منطقة الرجيب بعمان، يعتقد أنه الكهف المذكور في القرآن الكريم."
Religious_Tourism,ما هو مقام النبي شعيب؟,"يقع في وادي شعيب قرب السلط، وهو مزار ديني يطل على مناظر طبيعية جميلة."
Religious_Tourism,ما هو جبل هارون؟,"جبل مرتفع في البتراء يوجد في قمته ضريح ينسب للنبي هارون (أخو موسى)."
Logistics,ما هو أفضل وقت لزيارة الأردن؟,"فصلي الربيع (مارس-مايو) والخريف (سبتمبر-نوفمبر) حيث يكون الطقس معتدلاً ومناسباً لكل النشاطات."
Logistics,هل أحتاج فيزا لدخول الأردن؟,"معظم الجنسيات تحتاج فيزا، ويمكن شراؤها عند الوصول للمطار أو دمجها مع التذكرة الموحدة (Jordan Pass)."
Logistics,كيف أستخدم الانترنت في الأردن؟,"يمكن شراء شريحة جوال سياحية (Zain, Orange, Umniah) من المطار بأسعار رخيصة وتغطية ممتازة."
Logistics,هل الماء في الصنبور صالح للشرب؟,"لا ينصح بشرب ماء الصنبور مباشرة، ويفضل شراء المياه المعبأة المتوفرة في كل مكان."
Logistics,ما هي ملابس السباحة المقبولة؟,"في الفنادق والشواطئ الخاصة (البكيني) مقبول، أما في الشواطئ العامة والوديان يفضل ارتداء ملابس ساترة (تيشيرت وشورت)."
Logistics,هل البقشيش إلزامي؟,"ليس إلزامياً ولكنه متوقع ومقدر، عادة 10% في المطاعم، ومبلغ بسيط للسائقين والمرشدين."
Logistics,ما هو خط المطار؟,"باصات ترددية تنقل المسافرين من مطار الملكة علياء إلى محطة الشمال (طبربور) في عمان والعكس."
Logistics,هل تعمل تطبيقات التوصيل في الأردن؟,"نعم، تطبيقات (Uber, Careem, Jeeny) تعمل بكفاءة عالية في عمان والمدن الكبرى."
Logistics,ما هي كهرباء الأردن؟,"الجهد الكهربائي 220 فولت، والمقابس عادة تكون ثنائية (أوروبية) أو ثلاثية (بريطانية)."
Logistics,أين أصرف العملة؟,"محلات الصرافة في وسط البلد والمولات تعطي أسعاراً أفضل من الفنادق والمطار."
Food_Tourism,ما هي الفلافل الأردنية؟,"أقراص مقلية من الحمص المطحون، وتعتبر الإفطار الشعبي الأول، وساندويش الفلافل وجبة رخيصة ولذيذة."
Food_Tourism,ما هو الزيت وزعتر؟,"فطور تقليدي يتكون من خبز يغمس بزيت الزيتون ثم بالزعتر والسمسم، مشهور جداً في بلاد الشام."
Food_Tourism,ما هي قلاية البندورة؟,"أكلة تراثية تطبخ في المقلاة، تتكون من طماطم، ثوم، فلفل حار، وزيت زيتون، وتؤكل بالخبز."
Food_Tourism,أين يمكنني تجربة أكل الشارع؟,"شارع الرينبو، وسط البلد، وشارع الجامعة في إربد مليء بأكشاك الطعام."
Shopping,ماذا أشتري من وسط البلد؟,"البهارات، الحلويات، التحف الشرقية، والأزياء التراثية."
Shopping,هل يوجد مولات كبيرة في عمان؟,"نعم، سيتي مول، تاج مول، العبدلي مول، ومكة مول تضم ماركات عالمية وسينمات."
Traditions,كيف أحيي الناس في الأردن؟,"التحية الشائعة هي 'السلام عليكم' أو 'مرحبا'، والمصافحة باليد."
Traditions,هل التدخين مسموح؟,"التدخين والأرجيلة منتشران جداً في الأردن، ولكن يمنع في الأماكن الحكومية والمستشفيات."
Eco_Tourism,ما هي نزل فينان البيئي؟,"نزل يقع في وادي عربة، مصنف كواحد من أفضل النزل البيئية في العالم، مثالي لمراقبة النجوم."
Eco_Tourism,ما هي جمعية الأردن للمشي (Jordan Hiking)?,"مجموعات تنظم رحلات مشي أسبوعية لاستكشاف الطبيعة والوديان."
Trivia,ما هو أدنى مكان على الأرض؟,"شواطئ البحر الميت في الأردن هي النقطة الأكثر انخفاضاً على اليابسة."
Category,Question,Answer
Jordan_History,متى كان استقلال الأردن؟,"استقل الأردن تماماً في 25 أيار (مايو) عام 1946، وهو يوم العيد الوطني للمملكة."
Jordan_History,من هو الملك المؤسس للأردن؟,"الملك عبد الله الأول بن الحسين هو المؤسس لإمارة شرق الأردن والمملكة."
Jordan_History,من هو واضع الدستور الأردني؟,"الملك طلال بن عبد الله هو من وضع الدستور الأردني الحديث عام 1952، والذي يعتبر من أكثر الدساتير تطوراً."
Jordan_History,متى تعريب قيادة الجيش العربي؟,"قام الملك الحسين بن طلال بتعريب قيادة الجيش وطرد كلوب باشا في 1 آذار 1956."
Jordan_History,ما هي معركة الكرامة؟,"معركة حدثت عام 1968 انتصر فيها الجيش الأردني على القوات الإسرائيلية وحطم أسطورة الجيش الذي لا يقهر."
Jordan_History,ما هي الثورة العربية الكبرى؟,"ثورة انطلقت عام 1916 بقيادة الشريف الحسين بن علي ضد الحكم العثماني، وهي أساس نشأة الدولة الأردنية الحديثة."
Jordan_History,ماذا تعني النجمة السباعية في العلم الأردني؟,"ترمز إلى السبع المثاني (سورة الفاتحة) في القرآن الكريم، وتدل أيضاً على هدف الثورة العربية الكبرى (الوحدة، الحرية، إلخ)."
Jordan_History,ما هي ألوان العلم الأردني؟,"الأسود (راية العباسيين)، الأبيض (راية الأمويين)، الأخضر (راية الفاطميين)، والأحمر (راية الهاشميين)."
Jordan_History,متى تولى الملك عبد الله الثاني سلطاته الدستورية؟,"تولى جلالة الملك عبد الله الثاني الحكم في 7 شباط 1999."
Jordan_History,من هو ولي العهد الحالي للأردن؟,"سمو الأمير الحسين بن عبد الله الثاني."
Jordan_Symbols,ما هي الزهرة الوطنية للأردن؟,"زهرة السوسنة السوداء (Black Iris)، وهي زهرة نادرة تنبت في الربيع."
Jordan_Symbols,ما هو الطائر الوطني للأردن؟,"العصفور الوردي السينائي (Sinai Rosefinch) الذي يتواجد بكثرة في البتراء."
Jordan_Symbols,ما هو الشعار الرسمي للمملكة (التاج)؟,"التاج الملكي الهاشمي يرمز للملكية، والوشاح الأحمر يرمز للفداء والصفاء."
Jordan_Nature,ما هي محمية الشوماري؟,"أول محمية طبيعية في الأردن، تأسست لحماية المها العربي (Oryx) من الانقراض."
Jordan_Nature,ما هي محمية الأزرق المائية؟,"واحة مائية في الصحراء الشرقية تعتبر محطة استراحة حيوية للطيور المهاجرة بين أفريقيا وأوروبا."
Jordan_Nature,ما هو سد الملك طلال؟,"أكبر سد في الأردن يقع في جرش، يستخدم لتخزين مياه الأمطار والري."
Jordan_Nature,ما هو وادي الهيدان؟,"وادي مائي ساحر في مادبا يتميز بالصخور البازلتية السوداء والمياه الجارية، وجهة مفضلة للمغامرين."
Jordan_Nature,ما هي غابات برقش؟,"غابات كثيفة تقع في لواء الكورة (إربد)، تشتهر بتنوع الأشجار وكهف الظهر."
Jordan_Nature,أين تقع الينابيع الحارة غير ماعين وعفرا؟,"توجد حمامات الشونة الشمالية وحمامات الرمة في وادي اليرموك."
Jordan_Nature,ما هو الحيوان البري المهدد الذي يعيش في ضانا؟,"الوشق (القط البري) والماعز الجبلي (النيبي) يعيشان في منحدرات ضانا الصخرية."
Jordan_Archeology,ما هي تماثيل عين غزال؟,"أقدم تماثيل بشرية جصية اكتشفت في العالم، تعود للعصر الحجري الحديث (8000 سنة قبل الميلاد)، معروضة في متحف الأردن."
Jordan_Archeology,ما هي مسلة ميشع؟,"حجر أثري كتب عليه الملك المؤابي ميشع انتصاراته، وتعتبر أهم وثيقة مكتوبة في تاريخ المنطقة (الأصل في اللوفر)."
Jordan_Archeology,ما هي مدينة أم الجمال؟,"تلقب بـ 'الواحة السوداء'، مدينة أثرية نبطية بيزنطية في المفرق مبنية بالكامل من الحجر البركاني الأسود."
Jordan_Archeology,ما هو قصر الحرانة؟,"قصر صحراوي أموي يتميز بأنه القصر الوحيد الذي بني لغايات دفاعية بحتة ولا يحتوي على فسيفساء."
Jordan_Archeology,ما هو قصر المشتى؟,"قصر أموي قرب مطار الملكة علياء، نقلت واجهته المزخرفة الشهيرة إلى متحف برلين في ألمانيا."
Jordan_Archeology,ما هي عراق الأمير؟,"منطقة غرب عمان تضم قصر العبد وكهوفاً أثرية، وتشتهر بجمال طبيعتها."
Jordan_Archeology,ما هي آثار طبقة فحل (بيلا)؟,"إحدى مدن الديكابوليس، تشتهر بأنها مأهولة بالسكان بشكل مستمر منذ العصور الحجرية حتى اليوم."
Jordan_Archeology,ما هي كنيسة الخارطة؟,"كنيسة القديس جورج في مادبا التي تحتوي على أقدم خارطة فسيفسائية للأراضي المقدسة."
Jordan_Archeology,ما هو سبيل الحوريات؟,"مبنى روماني عام في وسط البلد بعمان كان يستخدم لتوزيع المياه وتزيين المدينة."
Jordan_Archeology,ما هي قلعة الشوبك (مونتريال)؟,"قلعة بناها الصليبيون في منطقة نائية، وتشتهر بوجود نفق مائي سري ينزل لعمق الجبل."
Jordan_Culture,ما هي الدبكة الأردنية؟,"رقصة فلوكلورية جماعية تشابكية، تعبر عن الفرح والوحدة، وتؤدى في الأعراس والمناسبات الوطنية."
Jordan_Culture,ما هو المهباش؟,"أداة خشبية لطحن القهوة يدوياً، ولصوت الطحن فيها إيقاع موسيقي يعتبر رمزاً للكرم ودعوة الضيوف."
Jordan_Culture,ما هي الربابة؟,"آلة موسيقية وترية بدوية قديمة بويتر واحد، تستخدم لمرافقة الشعر النبطي والقصيد."
Jordan_Culture,ما هو الثوب الأردني (المدرقة)؟,"الزي التقليدي للمرأة الأردنية، ويختلف تطريزه ولونه حسب المنطقة (السلطي، الكركي، المعاني، الرمثاوي)."
Jordan_Culture,ما هو الشماغ الأردني؟,"غطاء الرأس التقليدي للرجال، لونه أحمر وأبيض، ويرمز للهوية الوطنية والجيش العربي."
Jordan_Culture,ما هي 'الجاهة'؟,"عرف عشائري أردني لطلب يد العروس، حيث يذهب وجهاء عائلة العريس لطلبها من عائلة العروس رسمياً."
Jordan_Culture,ما هي 'العطوة'؟,"هدنة أمنية عشائرية تعطى بين المتخاصمين لحين حل المشكلة، وهي جزء من القضاء العشائري الأردني."
Jordan_Culture,ما هو بيت الشعر؟,"خيمة البدو التقليدية المصنوعة من شعر الماعز الأسود، وتتميز بمقاومتها للمطر والحرارة."
Jordan_Culture,ما هي السامر؟,"فن غنائي ورقص بدوي يؤديه الرجال في صف واحد، ويعتمد على التصفيق والشعر الارتجالي."
Jordan_Culture,من هو عرار؟,"مصطفى وهبي التل، شاعر الأردن الأول، الذي تغنى بتراب الوطن والفقراء والبسطاء."
Jordan_Economy,ما هي أهم الثروات الطبيعية في الأردن؟,"الفوسفات والبوتاس (من البحر الميت) والصخر الزيتي."
Jordan_Economy,بماذا يرتبط الدينار الأردني؟,"الدينار الأردني مرتبط بالدولار الأمريكي بسعر صرف ثابت (1 دينار = 1.41 دولار) منذ عام 1995."
Jordan_Economy,ما هي شركة البوتاس العربية؟,"من أكبر الشركات في العالم لإنتاج البوتاس، وتقع مصانعها في منطقة البحر الميت."
Jordan_Economy,ما هو ميناء العقبة؟,"المنفذ البحري الوحيد للأردن، تمر عبره معظم مستوردات وصادرات المملكة."
Jordan_Economy,ما هو مشروع العبدلي؟,"مشروع تطوير عقاري ضخم في عمان يعتبر الوسط التجاري الجديد (New Downtown) للعاصمة."
Jordan_Economy,ما هي السياحة العلاجية في الاقتصاد؟,"يعتبر الأردن المقصد الأول في الشرق الأوسط للسياحة العلاجية، وتدر دخلاً كبيراً للاقتصاد."
Jordan_Economy,ما هي منطقة الملك حسين للأعمال؟,"مجمع أعمال متطور في عمان يضم مقرات كبرى الشركات العالمية والشركات الناشئة."
Jordan_Economy,ما هو الغاز الصخري؟,"الأردن يمتلك احتياطيات ضخمة من الصخر الزيتي والغاز في منطقة الريشة."
Jordan_Economy,ما هي الملكية الأردنية؟,"الناقل الجوي الوطني للأردن، تأسست عام 1963، وتلقب بـ 'سفير الأردن الطائر'."
Jordan_Economy,ما هو مجمع الملك حسين للأعمال؟,"منطقة حرة واستثمارية في عمان تجذب شركات التكنولوجيا العالمية."
Jordan_Food_More,ما هي الرشوف؟,"أكلة شعبية شتوية تتكون من جريش القمح، العدس، والجميد، وتؤكل ساخنة."
Jordan_Food_More,ما هي اللزاقيات؟,"حلوى أردنية تقليدية عبارة عن خبز رقيق يخبز على الصاج ويغطى بالسمن والسكر أو العسل."
Jordan_Food_More,ما هي الكعاكيل (أو الجعاجيل)؟,"أكلة شعبية في شمال الأردن تتكون من كرات عجين مطبوخة باللبن أو مرق العدس."
Jordan_Food_More,ما هي الهريسة الأردنية؟,"حلوى شعبية تصنع من السميد والسمن والقطر، وتزين باللوز، وتشتهر محلاتها في وسط البلد."
Jordan_Food_More,ما هي وربات القشطة؟,"حلوى رمضانية شهيرة تتكون من طبقات عجين محشوة بالقشطة الطازجة والقطر."
Jordan_Food_More,ما هو شراب التمر الهندي؟,"مشروب شعبي يشتهر باعة متجولون ببيعه في شوارع عمان القديمة بملابسهم التقليدية."
Jordan_Food_More,ما هي صاجية اللحمة؟,"طريقة طبخ للحم في مقلاة كبيرة (الصاج) على الحطب، وتعتبر طقساً أساسياً في الرحلات."
Jordan_Food_More,ما هو الجيد (Jameed)؟,"لبن ماعز مجفف ومملح على شكل كرات حجرية، وهو المكون الأساسي لعمل المنسف."
Jordan_Food_More,ما هي السمنة البلدية؟,"دهن حيواني يصنع منزلياً ويضاف للأكل الحلويات لإعطاء نكهة دسمة ومميزة."
Jordan_Food_More,ما هو الزعتر البلدي؟,"خلطة إفطار أساسية تتكون من الزعتر المجفف، السمسم، والسماق، وتؤكل مع زيت الزيتون."
Jordan_Cities,بماذا تشتهر مدينة الفحيص؟,"مدينة ذات أغلبية مسيحية، تشتهر بمهرجان الفحيص واحتفالات عيد الميلاد وإضاءة الشجرة."
Jordan_Cities,بماذا تشتهر مدينة المفرق؟,"تعتبر عقدة المواصلات الدولية للأردن مع العراق وسوريا، وتضم قاعدة الملك حسين الجوية."
Jordan_Cities,بماذا تشتهر مدينة الرمثا؟,"بموقعها الحدودي، الشعر الشعبي، والتجارة البينية، وأغاني الأعراس التراثية."
Jordan_Cities,ما هي الأغوار؟,"منطقة منخفضة ودافئة (سلة غذاء الأردن)، تنتج الخضار والفواكه (خاصة الموز والحمضيات) طوال العام."
Jordan_Cities,ما هي مدينة سحاب؟,"مدينة صناعية كبرى شرق عمان، تضم أكبر مدينة صناعية ومقبرة إسلامية."
Jordan_Cities,ما هو مخيم البقعة؟,"أكبر مخيم للاجئين الفلسطينيين في الأردن، ويعد سوقاً تجارياً نشطاً جداً."
Jordan_Cities,أين تقع جامعة مؤتة؟,"تقع في محافظة الكرك، ولها جناح عسكري وجناح مدني."
Jordan_Cities,ما هي أم قيس (جدارا)؟,"مدينة في أقصى الشمال تطل على 3 دول (الأردن، سوريا، فلسطين) وبحيرة طبريا."
Jordan_Cities,ما هي حسبة وسط البلد؟,"أقدم وأكبر سوق للخضار والفواكه الطازجة في وسط عمان."
Jordan_Cities,ما هو شارع الوكالات؟,"شارع مخصص للمشاة فقط في منطقة الصويفية بعمان، يضم ماركات عالمية."
Religious_Sites,ما هو مقام النبي أيوب؟,"مقام ديني يقع في السلط، ويقصده الزوار للتبرك والدعاء."
Religious_Sites,ما هو مقام النبي يوشع؟,"يقع في السلط على تلة مرتفعة تطل على الأغوار وفلسطين."
Religious_Sites,أين تقع شجرة البقيعاوية؟,"في الصحراء الشرقية، ويعتقد أن الرسول محمد (ص) استظل تحتها أثناء رحلته للشام."
Religious_Sites,ما هي مقامات الصحابة في المزار الجنوبي؟,"أضرحة قادة معركة مؤتة: جعفر الطيار، عبد الله بن رواحة، وزيد بن حارثة."
Religious_Sites,ما هي كنيسة سيدة الجبل؟,"كنيسة في عنجرة (عجلون) معتمدة من الفاتيكان كموقع حج مسيحي."
Religious_Sites,ما هو جبل نيبو دينياً؟,"المكان الذي وقف عليه النبي موسى ورأى الأرض المقدسة، ويعتقد أنه توفي ودفن قربه."
Religious_Sites,أين يقع كهف المسيح؟,"في منطقة عراق الأمير، ويعتقد أن السيد المسيح لجأ إليه."
Religious_Sites,ما هو مسجد الحسيني؟,"أقدم مسجد في وسط البلد بعمان، بني على أنقاض مسجد أموي قديم، ويتميز بنمطه المعماري."
Religious_Sites,ما هو مسجد الملك حسين؟,"أكبر مساجد الأردن حالياً، يقع في منطقة دابوق، ويتميز بفخامته وموقعه المرتفع."
Religious_Sites,ما هي الكنيسة البيزنطية في البتراء؟,"كنيسة أثرية اكتشفت في البتراء وتتميز بأرضيات فسيفسائية محفوظة بشكل مذهل."
Modern_Life,ما هو يوم الشجرة؟,"يوم وطني في 15 كانون الثاني يتم فيه زراعة الأشجار في جميع أنحاء المملكة."
Modern_Life,ما هي القرية العالمية في عمان؟,"مهرجان صيفي كان يقام يعرض ثقافات ومنتجات دول العالم (متوقف حالياً)."
Modern_Life,ما هو متحف الدبابات الملكي؟,"متحف عسكري عالمي في عمان يعرض مئات الدبابات ويروي التاريخ العسكري للأردن."
Modern_Life,ما هي بوليفارد العبدلي؟,"ممشى سياحي عصري محاط بالفنادق والمطاعم، تقام فيه فعاليات موسمية."
Modern_Life,ما هو تطبيق سند؟,"التطبيق الحكومي الرسمي للخدمات الرقمية والهوية الرقمية في الأردن."
Modern_Life,ما هي شركة 'طماطم'؟,"شركة أردنية ناشئة تعتبر الناشر الأول لألعاب الموبايل في العالم العربي."
Modern_Life,ما هو مركز الحسين للسرطان؟,"من أفضل مراكز علاج السرطان في الشرق الأوسط، ويقدم خدماته لمرضى من كل المنطقة."
Modern_Life,ما هو مهرجان عمان السينمائي؟,"مهرجان دولي سنوي يدعم صناعة الأفلام والمخرجين الأردنيين والعرب."
Modern_Life,ما هي أوركسترا المعهد الوطني للموسيقى؟,"فرقة موسيقية أردنية محترفة تقدم حفلات موسيقية عالمية وعربية."
Modern_Life,ما هو راديو روتانا/هلا/مزاج؟,"من أشهر إذاعات الـ FM في الأردن التي يستمع لها الناس في السيارات صباحاً."
Trivia,كم عدد لواءات الأردن؟,"يوجد في الأردن 51 لواء موزعة على المحافظات."
Trivia,ما هو الرمز البريدي للأردن؟,"لكل منطقة رمز خاص، لكن رمز وسط عمان هو 11118."
Trivia,ما هو مفتاح خط الأردن الدولي؟,"+962"
Trivia,ما هي أطول سارية علم في الأردن؟,"سارية رغدان (126 متر) كانت الأطول في العالم لفترة، وتحمل علماً ضخماً."
Trivia,هل ينزل الثلج في الأردن؟,"نعم، خاصة في المرتفعات (عجلون، الشوبك، غرب عمان) لعدة أيام في الشتاء."
Trivia,ما هو الحيوان الوطني (غير الطائر)؟,"المها العربي هو الحيوان الذي يرمز للحياة البرية في الأردن."
Trivia,ما هو وادي النمل؟,"وادي صخري في البتراء يتميز بتشكيلات صخرية تشبه مساكن النمل."
Trivia,من هم الشركس في الأردن؟,"مكون رئيسي من النسيج الأردني، هاجروا من القوقاز، ولهم دور كبير في تأسيس عمان والحرس الملكي."
Trivia,ما هو سوق الجمعة؟,"سوق شعبي ضخم للملابس المستعملة (البالة) يقام في منطقة المحطة أو راس العين."
Trivia,ما هي كلمة 'يا هلا'؟,"أشهر عبارة ترحيب أردنية تقال للضيف، وتعني 'أهلاً بك كأهلنا'."
Category,Question,Answer
Jordan_History,متى كان استقلال الأردن؟,"استقل الأردن تماماً في 25 أيار (مايو) عام 1946، وهو يوم العيد الوطني للمملكة."
Jordan_History,من هو الملك المؤسس للأردن؟,"الملك عبد الله الأول بن الحسين هو المؤسس لإمارة شرق الأردن والمملكة."
Jordan_History,من هو واضع الدستور الأردني؟,"الملك طلال بن عبد الله هو من وضع الدستور الأردني الحديث عام 1952، والذي يعتبر من أكثر الدساتير تطوراً."
Jordan_History,متى تعريب قيادة الجيش العربي؟,"قام الملك الحسين بن طلال بتعريب قيادة الجيش وطرد كلوب باشا في 1 آذار 1956."
Jordan_History,ما هي معركة الكرامة؟,"معركة حدثت عام 1968 انتصر فيها الجيش الأردني على القوات الإسرائيلية وحطم أسطورة الجيش الذي لا يقهر."
Jordan_History,ما هي الثورة العربية الكبرى؟,"ثورة انطلقت عام 1916 بقيادة الشريف الحسين بن علي ضد الحكم العثماني، وهي أساس نشأة الدولة الأردنية الحديثة."
Jordan_History,ماذا تعني النجمة السباعية في العلم الأردني؟,"ترمز إلى السبع المثاني (سورة الفاتحة) في القرآن الكريم، وتدل أيضاً على هدف الثورة العربية الكبرى (الوحدة، الحرية، إلخ)."
Jordan_History,ما هي ألوان العلم الأردني؟,"الأسود (راية العباسيين)، الأبيض (راية الأمويين)، الأخضر (راية الفاطميين)، والأحمر (راية الهاشميين)."
Jordan_History,متى تولى الملك عبد الله الثاني سلطاته الدستورية؟,"تولى جلالة الملك عبد الله الثاني الحكم في 7 شباط 1999."
Jordan_History,من هو ولي العهد الحالي للأردن؟,"سمو الأمير الحسين بن عبد الله الثاني."
Jordan_Symbols,ما هي الزهرة الوطنية للأردن؟,"زهرة السوسنة السوداء (Black Iris)، وهي زهرة نادرة تنبت في الربيع."
Jordan_Symbols,ما هو الطائر الوطني للأردن؟,"العصفور الوردي السينائي (Sinai Rosefinch) الذي يتواجد بكثرة في البتراء."
Jordan_Symbols,ما هو الشعار الرسمي للمملكة (التاج)؟,"التاج الملكي الهاشمي يرمز للملكية، والوشاح الأحمر يرمز للفداء والصفاء."
Jordan_Nature,ما هي محمية الشوماري؟,"أول محمية طبيعية في الأردن، تأسست لحماية المها العربي (Oryx) من الانقراض."
Jordan_Nature,ما هي محمية الأزرق المائية؟,"واحة مائية في الصحراء الشرقية تعتبر محطة استراحة حيوية للطيور المهاجرة بين أفريقيا وأوروبا."
Jordan_Nature,ما هو سد الملك طلال؟,"أكبر سد في الأردن يقع في جرش، يستخدم لتخزين مياه الأمطار والري."
Jordan_Nature,ما هو وادي الهيدان؟,"وادي مائي ساحر في مادبا يتميز بالصخور البازلتية السوداء والمياه الجارية، وجهة مفضلة للمغامرين."
Jordan_Nature,ما هي غابات برقش؟,"غابات كثيفة تقع في لواء الكورة (إربد)، تشتهر بتنوع الأشجار وكهف الظهر."
Jordan_Nature,أين تقع الينابيع الحارة غير ماعين وعفرا؟,"توجد حمامات الشونة الشمالية وحمامات الرمة في وادي اليرموك."
Jordan_Nature,ما هو الحيوان البري المهدد الذي يعيش في ضانا؟,"الوشق (القط البري) والماعز الجبلي (النيبي) يعيشان في منحدرات ضانا الصخرية."
Jordan_Archeology,ما هي تماثيل عين غزال؟,"أقدم تماثيل بشرية جصية اكتشفت في العالم، تعود للعصر الحجري الحديث (8000 سنة قبل الميلاد)، معروضة في متحف الأردن."
Jordan_Archeology,ما هي مسلة ميشع؟,"حجر أثري كتب عليه الملك المؤابي ميشع انتصاراته، وتعتبر أهم وثيقة مكتوبة في تاريخ المنطقة (الأصل في اللوفر)."
Jordan_Archeology,ما هي مدينة أم الجمال؟,"تلقب بـ 'الواحة السوداء'، مدينة أثرية نبطية بيزنطية في المفرق مبنية بالكامل من الحجر البركاني الأسود."
Jordan_Archeology,ما هو قصر الحرانة؟,"قصر صحراوي أموي يتميز بأنه القصر الوحيد الذي بني لغايات دفاعية بحتة ولا يحتوي على فسيفساء."
Jordan_Archeology,ما هو قصر المشتى؟,"قصر أموي قرب مطار الملكة علياء، نقلت واجهته المزخرفة الشهيرة إلى متحف برلين في ألمانيا."
Jordan_Archeology,ما هي عراق الأمير؟,"منطقة غرب عمان تضم قصر العبد وكهوفاً أثرية، وتشتهر بجمال طبيعتها."
Jordan_Archeology,ما هي آثار طبقة فحل (بيلا)؟,"إحدى مدن الديكابوليس، تشتهر بأنها مأهولة بالسكان بشكل مستمر منذ العصور الحجرية حتى اليوم."
Jordan_Archeology,ما هي كنيسة الخارطة؟,"كنيسة القديس جورج في مادبا التي تحتوي على أقدم خارطة فسيفسائية للأراضي المقدسة."
Jordan_Archeology,ما هو سبيل الحوريات؟,"مبنى روماني عام في وسط البلد بعمان كان يستخدم لتوزيع المياه وتزيين المدينة."
Jordan_Archeology,ما هي قلعة الشوبك (مونتريال)؟,"قلعة بناها الصليبيون في منطقة نائية، وتشتهر بوجود نفق مائي سري ينزل لعمق الجبل."
Jordan_Culture,ما هي الدبكة الأردنية؟,"رقصة فلوكلورية جماعية تشابكية، تعبر عن الفرح والوحدة، وتؤدى في الأعراس والمناسبات الوطنية."
Jordan_Culture,ما هو المهباش؟,"أداة خشبية لطحن القهوة يدوياً، ولصوت الطحن فيها إيقاع موسيقي يعتبر رمزاً للكرم ودعوة الضيوف."
Jordan_Culture,ما هي الربابة؟,"آلة موسيقية وترية بدوية قديمة بويتر واحد، تستخدم لمرافقة الشعر النبطي والقصيد."
Jordan_Culture,ما هو الثوب الأردني (المدرقة)؟,"الزي التقليدي للمرأة الأردنية، ويختلف تطريزه ولونه حسب المنطقة (السلطي، الكركي، المعاني، الرمثاوي)."
Jordan_Culture,ما هو الشماغ الأردني؟,"غطاء الرأس التقليدي للرجال، لونه أحمر وأبيض، ويرمز للهوية الوطنية والجيش العربي."
Jordan_Culture,ما هي 'الجاهة'؟,"عرف عشائري أردني لطلب يد العروس، حيث يذهب وجهاء عائلة العريس لطلبها من عائلة العروس رسمياً."
Jordan_Culture,ما هي 'العطوة'؟,"هدنة أمنية عشائرية تعطى بين المتخاصمين لحين حل المشكلة، وهي جزء من القضاء العشائري الأردني."
Jordan_Culture,ما هو بيت الشعر؟,"خيمة البدو التقليدية المصنوعة من شعر الماعز الأسود، وتتميز بمقاومتها للمطر والحرارة."
Jordan_Culture,ما هي السامر؟,"فن غنائي ورقص بدوي يؤديه الرجال في صف واحد، ويعتمد على التصفيق والشعر الارتجالي."
Jordan_Culture,من هو عرار؟,"مصطفى وهبي التل، شاعر الأردن الأول، الذي تغنى بتراب الوطن والفقراء والبسطاء."
Jordan_Economy,ما هي أهم الثروات الطبيعية في الأردن؟,"الفوسفات والبوتاس (من البحر الميت) والصخر الزيتي."
Jordan_Economy,بماذا يرتبط الدينار الأردني؟,"الدينار الأردني مرتبط بالدولار الأمريكي بسعر صرف ثابت (1 دينار = 1.41 دولار) منذ عام 1995."
Jordan_Economy,ما هي شركة البوتاس العربية؟,"من أكبر الشركات في العالم لإنتاج البوتاس، وتقع مصانعها في منطقة البحر الميت."
Jordan_Economy,ما هو ميناء العقبة؟,"المنفذ البحري الوحيد للأردن، تمر عبره معظم مستوردات وصادرات المملكة."
Jordan_Economy,ما هو مشروع العبدلي؟,"مشروع تطوير عقاري ضخم في عمان يعتبر الوسط التجاري الجديد (New Downtown) للعاصمة."
Jordan_Economy,ما هي السياحة العلاجية في الاقتصاد؟,"يعتبر الأردن المقصد الأول في الشرق الأوسط للسياحة العلاجية، وتدر دخلاً كبيراً للاقتصاد."
Jordan_Economy,ما هي منطقة الملك حسين للأعمال؟,"مجمع أعمال متطور في عمان يضم مقرات كبرى الشركات العالمية والشركات الناشئة."
Jordan_Economy,ما هو الغاز الصخري؟,"الأردن يمتلك احتياطيات ضخمة من الصخر الزيتي والغاز في منطقة الريشة."
Jordan_Economy,ما هي الملكية الأردنية؟,"الناقل الجوي الوطني للأردن، تأسست عام 1963، وتلقب بـ 'سفير الأردن الطائر'."
Jordan_Economy,ما هو مجمع الملك حسين للأعمال؟,"منطقة حرة واستثمارية في عمان تجذب شركات التكنولوجيا العالمية."
Jordan_Food_More,ما هي الرشوف؟,"أكلة شعبية شتوية تتكون من جريش القمح، العدس، والجميد، وتؤكل ساخنة."
Jordan_Food_More,ما هي اللزاقيات؟,"حلوى أردنية تقليدية عبارة عن خبز رقيق يخبز على الصاج ويغطى بالسمن والسكر أو العسل."
Jordan_Food_More,ما هي الكعاكيل (أو الجعاجيل)؟,"أكلة شعبية في شمال الأردن تتكون من كرات عجين مطبوخة باللبن أو مرق العدس."
Jordan_Food_More,ما هي الهريسة الأردنية؟,"حلوى شعبية تصنع من السميد والسمن والقطر، وتزين باللوز، وتشتهر محلاتها في وسط البلد."
Jordan_Food_More,ما هي وربات القشطة؟,"حلوى رمضانية شهيرة تتكون من طبقات عجين محشوة بالقشطة الطازجة والقطر."
Jordan_Food_More,ما هو شراب التمر الهندي؟,"مشروب شعبي يشتهر باعة متجولون ببيعه في شوارع عمان القديمة بملابسهم التقليدية."
Jordan_Food_More,ما هي صاجية اللحمة؟,"طريقة طبخ للحم في مقلاة كبيرة (الصاج) على الحطب، وتعتبر طقساً أساسياً في الرحلات."
Jordan_Food_More,ما هو الجيد (Jameed)؟,"لبن ماعز مجفف ومملح على شكل كرات حجرية، وهو المكون الأساسي لعمل المنسف."
Jordan_Food_More,ما هي السمنة البلدية؟,"دهن حيواني يصنع منزلياً ويضاف للأكل الحلويات لإعطاء نكهة دسمة ومميزة."
Jordan_Food_More,ما هو الزعتر البلدي؟,"خلطة إفطار أساسية تتكون من الزعتر المجفف، السمسم، والسماق، وتؤكل مع زيت الزيتون."
Jordan_Cities,بماذا تشتهر مدينة الفحيص؟,"مدينة ذات أغلبية مسيحية، تشتهر بمهرجان الفحيص واحتفالات عيد الميلاد وإضاءة الشجرة."
Jordan_Cities,بماذا تشتهر مدينة المفرق؟,"تعتبر عقدة المواصلات الدولية للأردن مع العراق وسوريا، وتضم قاعدة الملك حسين الجوية."
Jordan_Cities,بماذا تشتهر مدينة الرمثا؟,"بموقعها الحدودي، الشعر الشعبي، والتجارة البينية، وأغاني الأعراس التراثية."
Jordan_Cities,ما هي الأغوار؟,"منطقة منخفضة ودافئة (سلة غذاء الأردن)، تنتج الخضار والفواكه (خاصة الموز والحمضيات) طوال العام."
Jordan_Cities,ما هي مدينة سحاب؟,"مدينة صناعية كبرى شرق عمان، تضم أكبر مدينة صناعية ومقبرة إسلامية."
Jordan_Cities,ما هو مخيم البقعة؟,"أكبر مخيم للاجئين الفلسطينيين في الأردن، ويعد سوقاً تجارياً نشطاً جداً."
Jordan_Cities,أين تقع جامعة مؤتة؟,"تقع في محافظة الكرك، ولها جناح عسكري وجناح مدني."
Jordan_Cities,ما هي أم قيس (جدارا)؟,"مدينة في أقصى الشمال تطل على 3 دول (الأردن، سوريا، فلسطين) وبحيرة طبريا."
Jordan_Cities,ما هي حسبة وسط البلد؟,"أقدم وأكبر سوق للخضار والفواكه الطازجة في وسط عمان."
Jordan_Cities,ما هو شارع الوكالات؟,"شارع مخصص للمشاة فقط في منطقة الصويفية بعمان، يضم ماركات عالمية."
Religious_Sites,ما هو مقام النبي أيوب؟,"مقام ديني يقع في السلط، ويقصده الزوار للتبرك والدعاء."
Religious_Sites,ما هو مقام النبي يوشع؟,"يقع في السلط على تلة مرتفعة تطل على الأغوار وفلسطين."
Religious_Sites,أين تقع شجرة البقيعاوية؟,"في الصحراء الشرقية، ويعتقد أن الرسول محمد (ص) استظل تحتها أثناء رحلته للشام."
Religious_Sites,ما هي مقامات الصحابة في المزار الجنوبي؟,"أضرحة قادة معركة مؤتة: جعفر الطيار، عبد الله بن رواحة، وزيد بن حارثة."
Religious_Sites,ما هي كنيسة سيدة الجبل؟,"كنيسة في عنجرة (عجلون) معتمدة من الفاتيكان كموقع حج مسيحي."
Religious_Sites,ما هو جبل نيبو دينياً؟,"المكان الذي وقف عليه النبي موسى ورأى الأرض المقدسة، ويعتقد أنه توفي ودفن قربه."
Religious_Sites,أين يقع كهف المسيح؟,"في منطقة عراق الأمير، ويعتقد أن السيد المسيح لجأ إليه."
Religious_Sites,ما هو مسجد الحسيني؟,"أقدم مسجد في وسط البلد بعمان، بني على أنقاض مسجد أموي قديم، ويتميز بنمطه المعماري."
Religious_Sites,ما هو مسجد الملك حسين؟,"أكبر مساجد الأردن حالياً، يقع في منطقة دابوق، ويتميز بفخامته وموقعه المرتفع."
Religious_Sites,ما هي الكنيسة البيزنطية في البتراء؟,"كنيسة أثرية اكتشفت في البتراء وتتميز بأرضيات فسيفسائية محفوظة بشكل مذهل."
Modern_Life,ما هو يوم الشجرة؟,"يوم وطني في 15 كانون الثاني يتم فيه زراعة الأشجار في جميع أنحاء المملكة."
Modern_Life,ما هي القرية العالمية في عمان؟,"مهرجان صيفي كان يقام يعرض ثقافات ومنتجات دول العالم (متوقف حالياً)."
Modern_Life,ما هو متحف الدبابات الملكي؟,"متحف عسكري عالمي في عمان يعرض مئات الدبابات ويروي التاريخ العسكري للأردن."
Modern_Life,ما هي بوليفارد العبدلي؟,"ممشى سياحي عصري محاط بالفنادق والمطاعم، تقام فيه فعاليات موسمية."
Modern_Life,ما هو تطبيق سند؟,"التطبيق الحكومي الرسمي للخدمات الرقمية والهوية الرقمية في الأردن."
Modern_Life,ما هي شركة 'طماطم'؟,"شركة أردنية ناشئة تعتبر الناشر الأول لألعاب الموبايل في العالم العربي."
Modern_Life,ما هو مركز الحسين للسرطان؟,"من أفضل مراكز علاج السرطان في الشرق الأوسط، ويقدم خدماته لمرضى من كل المنطقة."
Modern_Life,ما هو مهرجان عمان السينمائي؟,"مهرجان دولي سنوي يدعم صناعة الأفلام والمخرجين الأردنيين والعرب."
Modern_Life,ما هي أوركسترا المعهد الوطني للموسيقى؟,"فرقة موسيقية أردنية محترفة تقدم حفلات موسيقية عالمية وعربية."
Modern_Life,ما هو راديو روتانا/هلا/مزاج؟,"من أشهر إذاعات الـ FM في الأردن التي يستمع لها الناس في السيارات صباحاً."
Trivia,كم عدد لواءات الأردن؟,"يوجد في الأردن 51 لواء موزعة على المحافظات."
Trivia,ما هو الرمز البريدي للأردن؟,"لكل منطقة رمز خاص، لكن رمز وسط عمان هو 11118."
Trivia,ما هو مفتاح خط الأردن الدولي؟,"+962"
Trivia,ما هي أطول سارية علم في الأردن؟,"سارية رغدان (126 متر) كانت الأطول في العالم لفترة، وتحمل علماً ضخماً."
Trivia,هل ينزل الثلج في الأردن؟,"نعم، خاصة في المرتفعات (عجلون، الشوبك، غرب عمان) لعدة أيام في الشتاء."
Trivia,ما هو الحيوان الوطني (غير الطائر)؟,"المها العربي هو الحيوان الذي يرمز للحياة البرية في الأردن."
Trivia,ما هو وادي النمل؟,"وادي صخري في البتراء يتميز بتشكيلات صخرية تشبه مساكن النمل."
Trivia,من هم الشركس في الأردن؟,"مكون رئيسي من النسيج الأردني، هاجروا من القوقاز، ولهم دور كبير في تأسيس عمان والحرس الملكي."
Trivia,ما هو سوق الجمعة؟,"سوق شعبي ضخم للملابس المستعملة (البالة) يقام في منطقة المحطة أو راس العين."
Trivia,ما هي كلمة 'يا هلا'؟,"أشهر عبارة ترحيب أردنية تقال للضيف، وتعني 'أهلاً بك كأهلنا'."